英文文件,英文题号,英文题干,状态,中文来源文件,中文来源题号,中文来源题干,备注
英文版第三章.docx,1,1.What does the Financial Action Task Force (FATF) urge its members and all other jurisdictions to do when a jurisdiction is identified as having lax anti-money laundering / counter financing of terrorism controls?,已一致,第三章.docx,1,1.当某个地区被认定为在反洗钱/对抗资助恐怖活动方面松懈，FATF会督促它的成员国家以及其他地区做什么?,解析内容已与中文版一致
英文版第三章.docx,2,2.Financial Action Task Force (FATF)-style regional bodies are created and obliged to understand the inherent money laundering and terrorist financing risks in the region of the world they serve. What is one of the methods they use to understand these risks?,已一致,第三章.docx,2,2.成立类似金融行动特别工作组（FATF）的区域组织，并有义务了解其所服务地区的固有洗钱和恐怖融资风险。他们用什么方法来理解这些风险?,解析内容已与中文版一致
英文版第三章.docx,3,"3.How should employees who comply with the regulations respond to the activities of senior managers involved in violating the requirements of preventing money laundering/combating terrorist financing, such as asking employees to handle transactions that have triggered the red flag?",已一致,第三章.docx,128,128.法规遵循员工要如何因应高阶经理人涉及违反防制洗钱/打击资助恐怖主义活动要求等活动，如要求员工处理已经触发红旗标志之交易?,解析内容已与中文版一致
英文版第三章.docx,4,4.(多选题)Which of the following are included in the11 Immediate Outcomes outlined in the Financial Action Task Force （FATF） methodology for assessing technical compliance with the FATF Recommendations and the effectiveness of AML/CFT/CPF systems during mutual evaluations?（Choose Three）,已一致,第三章.docx,129,129.(多选题)以下哪些内容包含在金融行动特别工作组（FATF）方法论所列的11个即时成果之中，这些成果用于评估各国在反洗钱（AML）、打击恐怖主义融资（CFT）和防止扩散融资（CPF）体系方面的技术合规性和有效性，并在互评过程中使用?（请选择三个选项）,解析内容已与中文版一致
英文版第三章.docx,5,5.Which accurately describes the social and economic impacts of money laundering?,已一致,第三章.docx,130,130.哪个准确地描述了洗钱的社会和经济影响?,解析内容已与中文版一致
英文版第三章.docx,6,6.The Chief Compliance Officer (CCO) of a financial institution has been asked by a manufacturing customer reliant upon imported raw materials if there will be repercussions to his business following the weak assessment of the recent publicly issued Financial Action Task Force (FATF) Mutual Evaluation Report (MER). How should the CCO respond?,已一致,第三章.docx,3,3.某金融机构的首席合规官（CCO）被一个依赖进口原材料的制造业客户问到，在最近公开发布的金融行动特别工作组（FATF）的相互评估报告（MER）评估不力之后，是否会对其业务产生影响。CCO应该如何回答?,解析内容已与中文版一致
英文版第三章.docx,7,"7.(多选题)A customer brings $15,000 worth of chips into a casino and plays various games. The customer redeems all the remaining chips and requests awire transfer of the proceeds to an unrelated third party. What are two red ags that indicate money laundering?(Choose two.)",已一致,第三章.docx,6,6.(多选题)一个客人带着1.5万美金的筹码来到一个赌场，并开始涉猎各种赌博项目。最后，客人要求赌场把剩下的所有筹码兑现，并将兑现的金额汇款给一个无关联的人。下列哪两项标志着存在洗钱行为?(请选择下列两个答案),解析内容已与中文版一致
英文版第三章.docx,8,8.What do the Financial Action Task Force (FATF) mutual evaluations of each member assess?,已一致,第三章.docx,4,4.金融行动特别工作组成员间的相互评估包括:,解析内容已与中文版一致
英文版第三章.docx,9,9.Which assessments are involved in the processes of mutual evaluation and follow-up by the FATF?,已一致,第三章.docx,5,5.金融行动工作组的相互评估和后续行动过程中涉及哪些评估?,解析内容已与中文版一致
英文版第三章.docx,10,10.What are the main components of a FATF mutual evaluation?,已一致,第三章.docx,7,7.金融行动特别工作组相互评估的主要内容是什么?,解析内容已与中文版一致
英文版第三章.docx,11,"11.In the follow-up process of the fourth round of Mutual Evaluations of the FATF, what happens when a country is placed on enhanced follow-up?",已一致,第三章.docx,8,8.在金融行动特别工作组第四轮相互评估的后续进程中，如果一个国家被评估为需强化后续行动，会发生什么?,解析内容已与中文版一致
英文版第三章.docx,12,"12.When the FATF conducts a mutual assessment of a country, it should prove the effectiveness of the FATF's 40 recommendations?",已一致,第三章.docx,10,10.在金融行动特别工作组对一个国家进行相互评估时，应证明金融行动特别工作组40条建议的有效性?,解析内容已与中文版一致
英文版第三章.docx,13,13.Which is a FATF characteristic used to assess a country's effectiveness of its AML regime?,已一致,第三章.docx,9,9.金融行动工作组用于评估一国反洗钱制度有效性的特征是什么?,解析内容已与中文版一致
英文版第三章.docx,14,14.One of the main purposes of FATF-Style Regional Bodies is,已一致,第三章.docx,11,11.金融行动特别工作组式的区域机构的主要目的之一是:,解析内容已与中文版一致
英文版第三章.docx,15,"15.According to the 40 recommendations of the Financial Action Organization for the Prevention and Control of Money Laundering, the designation of non-financial undertakings and professionals includes:",已一致,第五章.docx,96,"96.根据防制洗钱金融行动工作组织40项建议，""指定非金融事业与专业人士""包括:",解析内容已与中文版一致
英文版第三章.docx,16,16.Which of the following is correct about the requirements for countries in the 40 recommendations of the Financial Action Task Force on the Prevention of Money Laundering:,已一致,第三章.docx,131,131.关于防制洗钱金融行动工作组织40项建议对各国的要求，下列哪一项是正确的:,解析内容已与中文版一致
英文版第三章.docx,17,17.When should financial institutions submit suspicious transaction reports?,已一致,第三章.docx,132,132.金融机构应在何时提交可疑交易报告?,解析内容已与中文版一致
英文版第三章.docx,18,18.What is the first step that an investigator should take when beginning a financial investigation into a potential suspicious activity?,已一致,第三章.docx,133,133.当调查人员开始对潜在的可疑活动进行金融调查时，应该采取的第一步是什么?,解析内容已与中文版一致
英文版第三章.docx,19,"19.(多选题)An international bank is headquartered in Madrid, Spain, with an office in New York City （NYC），US. The Madrid office is investigating a transaction originating from a customer of the NYC office and inquires whether the NYC office can share any relevant further information on the individual. Upon further research, the NYC office finds that they have filed a Suspicious Activity Report（SAR） on the individual in the previous year Which factors need to be considered before sharing the requested information? （Choose Two.）",已一致,第五章.docx,107,107.(多选题)一家国际银行的总部位于西班牙马德里，并在美国纽约市（NYC）设有办事处。马德里总部正在调查一起交易，该交易来自纽约办事处的一位客户，并询问纽约办事处是否可以提供该客户的相关信息。在进一步调查后，纽约办事处发现他们在上一年度已经对该客户提交了一份可疑活动报告（SAR）。在共享请求信息之前，应考虑哪些因素?（请选择两个）,解析内容已与中文版一致
英文版第三章.docx,20,20.Which of the following statements is true regarding the 2012Financial Action Task Force（FATF）40 Recommendations and/or11Immediate Outcomes?,已一致,第五章.docx,94,94.以下哪项关于2012年金融行动特别工作组（FATF）的40项建议和/或11项直接成果的陈述是正确的?,解析内容已与中文版一致
英文版第三章.docx,21,21.Which of the following is the best action to take regarding a particular account once suspicious activity is reported by the institution?,已一致,第三章.docx,134,134.一旦机构报告可疑活动，以下哪项是针对特定账户采取的最佳行动?,解析内容已与中文版一致
英文版第三章.docx,22,22.What does the Financial Action Task Force 40 Recommendations add reason transparency of beneficial ownership?,已一致,第三章.docx,140,140.金融行动特别工作组（FATF）的40条建议在实际所有权的透明度方面涉及哪些内容?,解析内容已与中文版一致
英文版第三章.docx,23,23.According to Basel Committee guide lines， which level of the organization should determinewhether or not to enter business relationships with higher risk customers?,已一致,第三章.docx,135,135.根据巴塞尔委员会的指导方针，组织的哪个级别应该决定是否与风险较高的客户建立业务关系?,解析内容已与中文版一致
英文版第三章.docx,24,24.(多选题)Which three circumstances are indicators for defining a customer as required additional diligence according to the Wolfsberg Principles on Private Banking? （Choose Three）,已一致,第三章.docx,136,136.(多选题)《沃尔夫斯堡私人银行业务原则》列出了需要额外尽职调查的情况，包括涉及以下哪三种选择的活动?（选择三个）,解析内容已与中文版一致
英文版第三章.docx,25,25.An alert has been triggered by a monitoring system and an investigation has been opened. The activity involves significant and multiple cash deposits into a personal account and transferring funds to an offshore bank on the same day. Further investigation reveals thispersonal account had experienced low levels of activity for the past 6 months and funds are transferred to the account of a charitable organization. Which of the following is the next step that the Compliance Officer should take?,已一致,第三章.docx,137,137.针对监控系统发出预警的调查已经展开。交易为大量的现金被存入到一个人账户，并在同一天将资金转移到离岸银行，进一步调查发现该个人账户中过去6个月交易量较少，资金被转移到一个慈善组织的账户，合规官下一步应该做什么?,解析内容已与中文版一致
英文版第三章.docx,26,26.An anti-money laundering specialist has been hired by an independently-owned community bank to implement an anti-money laundering compliance program. This bank has recently seen a dramatic increase in the number of international electronic fund transfers from its commercial clients. The first thing the anti-money laundering specialist should do is?,已一致,第三章.docx,138,138.一家独立拥有的社区银行聘请了一名反洗钱专家，以实施反洗钱合规计划。该银行最近看到其企业客户的国际电子资金转账数量急剧增加。反洗钱专家应该做的第一件事是什么?,解析内容已与中文版一致
英文版第三章.docx,27,27.When an existing customer becomes a politically exposed person （PEP），what should the KYC analyst do during the review/refresh period?,已一致,第三章.docx,139,139.当现有客户成为政治公众人物（PEP）时，KYC分析师在审查/更新期间应该做什么?,解析内容已与中文版一致
英文版第三章.docx,28,"28.When a financial institution (FI) is requested to provide data and information to a law enforcement agency for matters related to financing of terrorism, assistance:",已一致,第三章.docx,12,12.当金融机构被要求向执法机构提供与资助恐怖主义有关的数据和信息时，协助:,解析内容已与中文版一致
英文版第三章.docx,29,"29.(多选题)When implementing a risk-based approach related to casinos, which risks are related to the customer as an individual? (Choose two.)",已一致,第三章.docx,13,13.(多选题)在实施与赌场相关的风险为本的方法时，哪些风险与个人客户有关?（选择两个）,解析内容已与中文版一致
英文版第三章.docx,30,30.Which is a key aspect in the FATF Recommendations that best describes the essential foundation for allocating resources in AML/CFT regimes for countries and financial institutions (FIs)?,已一致,第三章.docx,14,14.金融行动工作组建议中的哪一个关键方面最能描述为国家和金融机构在反洗钱/反恐融资制度中分配资源的基础?,解析内容已与中文版一致
英文版第三章.docx,31,31.Which should authorities do to safeguard AML information exchanged with other countries?,已一致,第三章.docx,15,15.当局应采取哪些措施保护与其他国家交换的反洗钱信息?,解析内容已与中文版一致
英文版第三章.docx,32,32.Who bears the ultimate responsibility for approving a FI's relationship with a politically exposed person (PEP)?,已一致,第三章.docx,16,16.谁对批准FI与政治公众人物（PEP）的关系承担最终责任?,解析内容已与中文版一致
英文版第三章.docx,33,"33.According to the Financial Action Task Force, which action must a financial institution take to fulfill customer due diligence obligations?",已一致,第三章.docx,17,17.根据金融行动特别工作组，金融机构必须采取哪些行动来履行客户尽职调查义务?,解析内容已与中文版一致
英文版第三章.docx,34,34.Which is the characteristic of the 40 Recommendations of the Financial Action Task Force (FATF)?,已一致,第三章.docx,18,18.哪个是金融行动特别工作组（FATF）40条建议的特点?,解析内容已与中文版一致
英文版第三章.docx,35,"35.According to the principle of Wolfsburg correspondent bank, what kind of action is considered as the enhanced due diligence (EDD) obligation for the risky correspondent bank customers?",已一致,第三章.docx,19,19.根据沃尔夫斯堡代理银行原则，哪种行动被认为是对风险较大的代理银行客户的强化尽职调查（EDD）义务?,解析内容已与中文版一致
英文版第三章.docx,36,36.Which statement identifies one of the duties of a government Financial Intelligence Unit?,已一致,第三章.docx,20,20.哪个声明确认为政府金融情报机构的职责之一?,解析内容已与中文版一致
英文版第三章.docx,37,37.Which action should countries take related to the financing of terrorist acts in accordance with the Financial Action Task Force 40 Recommendations?,已一致,第三章.docx,21,21.根据FATF40项建议，下列哪项行动是国家应对恐怖融资行为需要采取的行动?,解析内容已与中文版一致
英文版第三章.docx,38,"38.Historically, a tour guide has made monthly cash deposits averaging $$10,000. Over the past three months, the monthly deposits have averaged $$100,000. When the financial institution questions the increased deposits, the tour guide explains that there have been numerous conventions in town so business has increased substantially.Which further action(s) should the financial institution take?",已一致,第三章.docx,22,22.有一个导游每个月都去银行存现金。他一般情况下每个月平均存1万美金。近三个月里，他每个月平均存进10万美金。当银行询问他为什么存款额度提升得那么明显的时候，他解释说因为最近这里的会议活动特别多，所以业务增长得非常迅速。银行接下来需要采取什么样的行动呢?,解析内容已与中文版一致
英文版第三章.docx,39,39.Which of the following is the most Likely reason for the Financial Action Task Force to remove a jurisdiction from the Non-Cooperative Countries and Territories list?,已一致,第三章.docx,141,141.以下哪项是金融行动特别工作组从非合作国家和地区名单中删除管辖权最有可能的原因?,解析内容已与中文版一致
英文版第三章.docx,40,40.When deficiencies are identified in the Financial Action Task Force （FATF） mutual evaluation report， the assessed country needs to:,已一致,第三章.docx,142,142.当金融行动特别工作组（FATF）相互评估中发现缺陷时报告，被评估国家需要:,解析内容已与中文版一致
英文版第三章.docx,41,"41.When the Financial Action Task Force （FATF）places a jurisdiction on the list of jurisdictions under increased monitoring""，also known as the ""grey list"", the jurisdiction:",已一致,第三章.docx,143,"143.当金融行动特别工作组（FATF）将某个司法管辖区列入""加强监测的司法管辖区名单""（即""灰名单""）时，该司法管辖区:",解析内容已与中文版一致
英文版第三章.docx,42,"42.The Financial Action Task Force （FATF）routinely publishes a catalog of jurisdictions requiring enhanced monitoring, which is commonly called the:[1分]",已一致,第三章.docx,144,144.金融行动特别工作组（FATF）定期公布需要加强监管的司法管辖区名单，这通常被称为:,解析内容已与中文版一致
英文版第三章.docx,43,43.Which action does the FATF call on member countries to take in the most serious cases when countries have significant strategic AML deficiencies?,已一致,第三章.docx,145,145.当成员国在反洗钱方面存在重大战略缺陷时，FATF呼吁成员国采取何种严厉措施?,解析内容已与中文版一致
英文版第三章.docx,44,"44.(多选题)After a FATF mutual evaluation process, which are resulting actions for jurisdictions that are determined to have strategic deficiencies in their regimes to counter money laundering, terrorist financing, and proliferation financing? (Choose two.)",已一致,第三章.docx,23,23.(多选题)在金融行动特别工作组相互评估过程之后，确定其打击洗钱、恐怖主义融资和扩散融资制度存在战略缺陷的司法管辖区将采取哪些行动?（选择两个）,解析内容已与中文版一致
英文版第三章.docx,45,45.(多选题)In what two ways do regional organizations like the Financial Action Task Force influence the standards of anti-money laundering and terrorist financing in their regions? (Choose two answers),已一致,第三章.docx,24,24.(多选题)类似金融行动任务小组的地区组织是通过哪两个方式在其地区影响反洗钱和资助恐怖活动标准的?(选两个答案),解析内容已与中文版一致
英文版第三章.docx,46,46.How does the Financial Action Task Force (FATF) communicate its findings regarding jurisdictions with strategic anti-money laundering / Counter Financing of Terrorism deficiencies?,已一致,第三章.docx,25,25.金融行动特别工作组（FATF）如何传达其关于具有战略反洗钱/反恐怖主义融资缺陷的司法管辖区的调查结果?,解析内容已与中文版一致
英文版第三章.docx,47,47.Why do you want to integrate the prevention of money laundering/combating the financing of terrorism and understanding your customer structure into organizations including branches and subsidiaries?,已一致,第三章.docx,114,114.为何要将防制洗钱/打击资助恐怖主义活动与瞭解您的客户架构融入包括分行、子公司在内之组织?,解析内容已与中文版一致
英文版第三章.docx,48,48.What must the compliance commissioner do to avoid taking personal responsibility for mistakes in preventing money laundering/combating terrorist financing?,已一致,第三章.docx,115,115.法令遵循专员必须怎么做，以避免因为防制洗钱/打击资助恐怖主义活动之失误而承担个人责任?,解析内容已与中文版一致
英文版第三章.docx,49,49.What kind of drills should the organization conduct to confirm the necessary level of customer supervision?,已一致,第三章.docx,116,116.组织应进行何种演练，确认客户监督之必要等级?,解析内容已与中文版一致
英文版第三章.docx,50,50.Which line of defense is solely tasked with providing assurance to the Board of Directors of an organization?,已一致,第三章.docx,117,117.哪一条防线的唯一任务是向公司董事会提供保证?,解析内容已与中文版一致
英文版第三章.docx,51,"51.As emphasized in the Basel Committee guidance for Sound Management of Risks Related to Money Laundering and Financing of Terrorism"". the third line of defense（audit function） should:",已一致,第三章.docx,118,"118.根据巴塞尔委员会（Basel Committee）关于""反洗钱（AML）和打击恐怖融资（CFT）风险的稳健管理指南的要求，第三道防线（审计职能）应该:",解析内容已与中文版一致
英文版第三章.docx,52,"52.(多选题)The Basel Committee on Banking Supervision published guidelines on the ""Sound Management of Risks Related to Money Laundering and Financing of Terrorism."" With regard to identifying and accepting customers, it recommends that banks:（Choose Two.）",已一致,第三章.docx,119,119.(多选题)巴塞尔银行监管委员会发布了《与洗钱和恐怖融资相关风险的健全管理指南》。在客户识别和接受方面，该指南建议银行采取哪些措施?（请选择两个选项）,解析内容已与中文版一致
英文版第三章.docx,53,53.(多选题)Which practices should financial institutions（FI's）adopt for the process of terminating customer relationships?（Choose Three.）,已覆盖,第三章.docx,120,120.(多选题)金融机构（FIs）在终止客户关系的过程中应采取哪些做法?（请选择三个）,按题干、选项和答案确认对应后覆盖
英文版第三章.docx,54,54.Which of the following are key metrics that provide valuable data to senior management about the effectiveness of an Fls AML controls?,已一致,第三章.docx,121,121.以下哪些是为高级管理层提供有关金融机构（FI）反洗钱（AML）控制有效性的关键指标?,解析内容已与中文版一致
英文版第三章.docx,55,"55.In order to demonstrate commitment to AML compliance within a bank, the Board of Directors should:",已一致,第三章.docx,122,122.为了证明银行对反洗钱合规的承诺，董事会应:,解析内容已与中文版一致
英文版第三章.docx,56,"56.(多选题)Banks in offshore jurisdictions approach institutions to establish new correspondent banking relationships. Before opening an account, the representative of the new account obtains a copy of the anti-money laundering policies and procedures of the offshore bank, as well as all appropriate legal documents of the bank; Determine that no third party can access the account; And determine the owner of the bank, the main business activities of the bank and the business address of the bank. The due diligence document of the Basel Committee on Banking Supervision suggests that banks should take the following two steps before opening correspondent accounts？",已一致,第三章.docx,123,123.(多选题)离岸司法管辖区内的银行就建立新的代理银行关系与机构接洽。开户前，新账户代表获得离岸银行反洗钱政策和程序的副本，以及银行的所有适当法律文件;确定没有第三方能够访问该账户;并确定银行的所有者、银行的主要业务活动以及银行的营业地址。巴塞尔银行监管委员会的《银行客户尽职调查》文件建议银行在开立代理账户之前采取以下哪两个步骤?（选择两个）,解析内容已与中文版一致
英文版第三章.docx,57,57.The Basel Committee on Banking Supervision issued a paper in October2001 in which it presented a Know Your Customer framework and recommended standards applicable to?,已一致,第三章.docx,124,"124.巴塞尔银行监管委员会于2001年10月发布了一份文件，其中提出""了解你的客户""框架以及银行监管的建议标准适用于以下哪一项?",解析内容已与中文版一致
英文版第三章.docx,58,58.The Board of Directors for a small private bank has asked the management to no longer apply the identity requirements for high net worth individuals to protect their privacy. Which of the following Financial Action Task =once 40 Recommendations should cause an anti-money laundering specialist the most concern?,已一致,第三章.docx,125,125.一家小型私人银行的董事会已要求管理层不再对高净值个人实施身份要求，以保护其隐私。以下金融行动特别工作组40项建议中，哪一项应引起反洗钱专家的最大关注?,解析内容已与中文版一致
英文版第三章.docx,59,59.According to the guidelines of the Basel Committee on Banking Supervision， which of the following statements best describes the relationship between the internal audit function and compliance?,已一致,第三章.docx,127,127.根据巴塞尔银行监管委员会的指导方针，下列哪个陈述最好地描述了内部审计职能与合规之间的关系?,解析内容已与中文版一致
英文版第三章.docx,60,60.With which of the following should an anti-money laundering officer coordinate when implementing anew hire screening program?,已一致,第三章.docx,26,26.在实施新员工筛查计划时，反洗钱官员应与以下哪一方协调?,解析内容已与中文版一致
英文版第三章.docx,61,61.A high volume of incoming wire transfers generates an alert about a client. The funds are immediately debited by cash withdrawals and outgoing wire transfers.Which information should be reviewed first to investigate this alert/case?,已覆盖,第三章.docx,27,27.转入的大量电汇会生成有关客户端的警报。资金立即通过现金提取并且记入电汇的借方账户。应首先审查哪些信息以调查此警报/案例?,按题干、选项和答案确认对应后覆盖
英文版第三章.docx,62,62.What are four key elements that a KYC program should contain according to the Basel Committee requirements?,已一致,第三章.docx,28,28.根据巴塞尔委员会的要求，KYC计划应包含的四个关键要素是什么?,解析内容已与中文版一致
英文版第三章.docx,63,"63.When performing an investigation, which key steps should be taken to maintain and secure supporting documentation used to perform an investigation of a suspicious activity?",已一致,第三章.docx,30,30.进行调查时，应采取哪些关键步骤来维护和保护用于调查可疑活动的支持文件?,解析内容已与中文版一致
英文版第三章.docx,64,64.(多选题)Which are essential elements of a KYC program identified by the Basel Committee on Banking Supervision? (Choose two.),已一致,第三章.docx,31,"31.(多选题)哪些是巴塞尔银行监管委员会确定的""了解你""计划的基本要素?(选择两个。)",解析内容已与中文版一致
英文版第三章.docx,65,"65.The Basel Committee on Banking Supervision pointed out in its document ""Customer Due Diligence for Banks"" that inappropriate ""know your customer"" programs can pose risks to banking institutions?",已一致,第三章.docx,32,"32.巴塞尔银行监管委员会在其文件《银行的客户尽职调查》中指出，不适当的""了解客户""计划会给银行机构带来哪些风险?",解析内容已与中文版一致
英文版第三章.docx,66,66.What does the Basel Committee's Customer Due Diligence for Banks paper suggest that a bank needs to have in place when establishing an account for a corporate business entity?,已一致,第三章.docx,33,33.由巴塞尔委员会发布的《银行客户尽职调查》白皮书中，建议银行在为一个公司实体开办账户的时候应做到:,解析内容已与中文版一致
英文版第三章.docx,67,67.(Correspondent Banking)Which measure to mitigate risk does the Basel Committee's Customer Due Diligence Principles suggest banks apply when accepting business from non-face-to- face customers?,已一致,第三章.docx,34,34.当从非面对面客户那里接受业务时，巴塞尔会员会的客户尽职调查原则建议采取哪个方式降低风险?,解析内容已与中文版一致
英文版第三章.docx,68,68.Which activity associated with new or developing technologies does the FATF recommend FIs pay special attention to?,已一致,第三章.docx,35,35.金融行动特别工作组建议金融机构特别注意与新技术或发展中技术有关的哪种活动?,解析内容已与中文版一致
英文版第三章.docx,69,69.What is the appropriate compliance control for identifying politically exposed persons (PEPs) according to the Basel Committee's paper on Customer Due Diligence for Banks?,已一致,第三章.docx,36,36.根据巴塞尔委员会发布的<<银行客户尽职调查白皮书>>在识别PEP方面应争取怎样的控制措施以确保合规?,解析内容已与中文版一致
英文版第三章.docx,70,"70.(多选题)According to the Basel Committee on Banking Supervision standards, which statements best describe sound practices in relation to customer due diligence (CDD) policies and procedures? (Choose three.)",已一致,第三章.docx,39,39.(多选题)根据巴塞尔银行监管标准委员会，哪些陈述最能描述与客户尽职调查（CDD）政策和程序相关的良好做法?（选择三个）,解析内容已与中文版一致
英文版第三章.docx,71,71.Which key factor would result in the decision for a financial institution (FI) to exit a client relationship?,已一致,第三章.docx,42,42.哪个关键因素会导致金融机构（FI）决定终止客户关系?,解析内容已与中文版一致
英文版第三章.docx,72,72.(多选题)The compliance officer for a private bank has been tasked with reviewing the procedure for authorized signatories on customer accounts to ensure it is in line with relevant Wolfsberg Anti-Money Laundering Principles for Private Banking. Which three statements from the procedure are in line with Wolfsberg? (Choose three.),已一致,第三章.docx,40,40.(多选题)私人银行的合规专员接受了一项任务，审核客户账户授权签字人的流程，确保符合沃尔夫斯堡私人银行反洗钱原则，以下那三个陈述符合Wolfberg?(选择三个答案),解析内容已与中文版一致
英文版第三章.docx,73,73.A politically exposed person (PEP) maintains an account at a bank. Last month a money laundering analyst filed a suspicious transaction report about unusual wire deposits originated by unknown individuals in the home country of the official. Recently a negative news search revealed political corruption in the home country of the official.To whom should this situation be escalated?,已一致,第三章.docx,37,37.一名政治公众人物开立一个银行账户。上个月反洗钱调查员提交了关于政治公众人物国家关于未知个人的电汇交易可疑交易报告。最近这名官员所在国家披露了腐败的负面消息。这种情况下，你该向谁报告?,解析内容已与中文版一致
英文版第三章.docx,74,74.(多选题)A bank operates in multiple countries and offers a variety of products and services. The compliance officer recently joined the bank and wants to better understand the inherent level of anti-money laundering risk across the entire organization.Which two factors should be considered? (Choose two.),已一致,第三章.docx,38,38.(多选题)一家银行在多个国家开展业务，提供多种产品和服务。最近加入银行的合规官希望更好地了解整个组织反洗钱的固有风险。合规官应该考虑哪两个因素?（选择两个。）,解析内容已与中文版一致
英文版第三章.docx,75,"75.A bank is preparing for its anti-money laundering independent review, which is performed every two years under the direction of the compliance officer. The bank's corporate audit department will conduct the review. The compliance officer will review the final report before it is released to the Board of Directors.What is the issue with this situation?",已一致,第三章.docx,41,41.银行进行每两年一次的独立反洗钱审查，合规专员带领，银行审计部门审核，合规专员审查后提交给董事会，这波操作有以下哪个问题:,解析内容已与中文版一致
英文版第三章.docx,76,"76.(多选题)According to Wolfsburg's Anti-Money Laundering Guidelines for Private Banks, which two types of customers can be ordinary interest owners? (Select two)",已一致,第三章.docx,43,43.(多选题)根据沃尔夫斯堡的《私人银行反洗钱指引》哪两类客户可作为普通的利益拥有者?（选择两个）,解析内容已与中文版一致
英文版第三章.docx,77,77.(多选题)Who meets the standard to perform for the AML audit? (Choose two.),已一致,第三章.docx,44,44.(多选题)谁符合反洗钱审计的执行标准?(选择两个),解析内容已与中文版一致
英文版第三章.docx,78,78.(多选题)According to the Financial Action Task Force 40 Recommendations，simplified customer due diligence or reduced measures could be acceptable for which of the following types of products or transactions?（Choose three）,已一致,第三章.docx,186,186.(多选题)根据金融行动特别工作组40项建议，对以下哪三类产品或交易可以采用简化的客户尽职调查措施或缩减的措施？（选择三个）,解析内容已与中文版一致
英文版第三章.docx,79,79.Which is a key aspect of the first EU Directive on Money Laundering?,已一致,第三章.docx,45,45.欧盟关于洗钱的第一个指令的关键方面是什么?,解析内容已与中文版一致
英文版第三章.docx,80,80.(多选题)Which two statements are true regarding the European Union Money Laundering Directives? (Choose two.),已一致,第三章.docx,46,46.(多选题)下列哪两项关于欧盟洗钱指令的陈述是真的?(选两个答案),解析内容已与中文版一致
英文版第三章.docx,81,81.(多选题)Which three definitions of money laundering are included in the expanded definition of the European Union Second Directive? (Choose three.),已一致,第三章.docx,47,47.(多选题)下列哪三个洗钱定义包括在欧盟第二指令扩大定义中?选三个答案（选洗钱的三个明知的概念）,解析内容已与中文版一致
英文版第三章.docx,82,82.In relationship to life insurance business， the third European Directive states that Member States may allow the identity verification of the beneficiary under the policy after the business relationship has been established， but before which events?,已一致,第三章.docx,146,146.在人寿保险业务方面，欧盟第3号指令规定，成员国可以允许在建立业务关系后对保单受益人进行身份验证，但需要在哪些事件之前?,解析内容已与中文版一致
英文版第三章.docx,83,83.(多选题)Which three entities does the Third European Union Money Laundering Directive apply to? （Choose three）,已一致,第三章.docx,147,147.(多选题)欧盟第3号反洗钱指令适用于以下哪三类实体?（选择三个）,解析内容已与中文版一致
英文版第三章.docx,84,"84.After receiving a suspicious activity report about a customer's account, the relevant law enforcement agencies requested permission to interview bank staff who are familiar with basic transactions. What measures should the compliance officer take?",已一致,第三章.docx,185,185.在收到关于客户账户的可疑活动报告后，相关执法机构要求允许采访熟悉基本交易的银行员工。合规官应采取哪些措施？,解析内容已与中文版一致
英文版第三章.docx,85,"85.(多选题)In the fourth directive of the European Union, what is the threshold for including natural persons or legal persons to trade goods and receive and pay cash?",已一致,第三章.docx,148,148.在欧盟第四指令中，纳入自然人或法人货品交易与收付现金款项之门槛降至多少?,解析内容已与中文版一致
英文版第三章.docx,86,86.A school teacher recently opened a private banking account with a major bank. The customer indicated annual income of EUR 45，000 and listed her source of wealth as a EUR 1.5 million in heritance from relatives. The customer plans to invest EUR 12，000to 15，000 earned annually from bearer bonds. The relationship manager verified the client＇s identity anddocumented all of the above information in the account file before open in a the account. During a routine review of the account，several electronic fund transfers in excess of EUR 5 million each were made from a diamond distributor. The relationship manager also noticed that in each instance， the customer immediately transferred the funds to bank accounts in Hong Kong. Which of the following is appropriate for the anti-money laundering specialist torecommend?,已一致,第三章.docx,150,150.一位学校老师最近在一家大银行开立了一个私人银行账户。客户表示年收入为45000欧元，并将其财富来源列为150万欧元的亲属遗产。客户计划投资每年从无记名债券中赚取的12000至15000欧元。客户经理核实了客户的身份，并在开户前将上述所有信息记录在账户文件中。在对账户的例行审查中，一家钻石经销商进行了几笔电子资金转账，每笔金额超过500万欧元。客户经理还注意到，在每一个交易中，客户都会立即将资金转入香港的银行账户。以下哪项适合反洗钱专家采取的措施?,解析内容已与中文版一致
英文版第三章.docx,87,87.(多选题)Which risk factors are considered when assessing risk rating of customers? （Choose three.,已一致,第三章.docx,151,151.(多选题)在评估客户的风险评级时，考虑了哪些风险因素?（选择三个）,解析内容已与中文版一致
英文版第三章.docx,88,88.(多选题)Release of the EU's Fourth AML Directive resulted in what change to member state's procedures? (Choose two.),已一致,第三章.docx,48,48.(多选题)欧盟第四个反洗钱指令的发布导致成员国的程序发生了什么变化?(选择两个),解析内容已与中文版一致
英文版第三章.docx,89,89.What is the currency threshold under the European Union Fourth Anti-Money Laundering Directive?,已一致,第三章.docx,49,49.依据欧盟第四反洗钱指令，哪项是现金门槛?,解析内容已与中文版一致
英文版第三章.docx,90,90.Which requirement is included in the Fourth European Union Directive on money laundering?,已一致,第三章.docx,50,50.欧洲联盟关于洗钱问题的第四项指令包含了哪些要求?,解析内容已与中文版一致
英文版第三章.docx,91,91.A large FI is considering expanding business to an area of the world with weak AML laws. The risk-based assessment indicates that the location will increase the FI's risk appetite beyond the stated acceptable amount. Which risk factors should be used to identify the priority of the FI?,已一致,第三章.docx,51,51.一家大型金融机构正在考虑将业务扩展到世界上反洗钱法律薄弱的地区。基于风险的评估表明，该地点将使该金融机构的风险承受力超过规定的可接受的数额。应使用哪些风险因素来确定该金融机构的优先权?,解析内容已与中文版一致
英文版第三章.docx,92,92.Which regulation requires participants in the art market of EU member States to register with the regulatory authorities and enforce the risk-based law against the threat of money laundering and terrorist financing?,已一致,第三章.docx,152,152.哪项法规要求欧盟成员国艺术品市场参与者，向监管机关注册立案，对于洗钱与资助恐怖活动之威胁，执行风险基础法?,解析内容已与中文版一致
英文版第三章.docx,93,"93.(多选题)According to the 5th EU Money Laundering Directive, member states require entities to apply enhanced customer due diligence measures with respect to business relationships or transactions involving high-risk third country nationals.Which are included in these requirements? (Choose three.)",已一致,第三章.docx,52,52.(多选题)根据欧盟反洗钱5号指令，成员国要求实体对涉及高风险第三国国民的业务关系或交易实施增强客户尽职调查措施。这些要求包括哪些内容?（选择三个）,解析内容已与中文版一致
英文版第三章.docx,94,94.(多选题)Which are the requirements of the Fifth AML Directive of the European Union (EU)? (Choose two.),已一致,第三章.docx,54,54.(多选题)哪些是欧洲联盟（欧盟）第五个反洗钱指令的要求? (选择两个),解析内容已与中文版一致
英文版第三章.docx,95,95.Which statement best describes a key aspect of the AML Directive of the EU regarding business relationships and transactions with high-risk third countries?,已一致,第三章.docx,53,53.哪项声明最能描述欧盟反洗钱指令中关于与高风险第三国的业务关系和交易的关键方面?,解析内容已与中文版一致
英文版第三章.docx,96,96.(多选题)The EU's 6th Anti-Money Laundering Directive （6AMLD）:,已一致,第三章.docx,153,153.(多选题)欧盟第六次反洗钱指令（6ALD）包含以下哪项内容?,解析内容已与中文版一致
英文版第三章.docx,97,"97.In the international cooperation against money laundering, ""reciprocal right"" refers to:",已一致,第三章.docx,154,"154.在打击洗钱犯罪的国际合作中，""互惠权""是指:",解析内容已与中文版一致
英文版第三章.docx,98,98.What is the main feature of the FATF regional style institutions in combating money laundering/terrorist financing?,已一致,第三章.docx,187,187.哪个是金融行动特别工作组（FATF）区域风格机构在打击洗钱/恐怖主义融资方面的一个主要特点?,解析内容已与中文版一致
英文版第三章.docx,99,99.(多选题)How does the Asian/Pacific Financial Action Task Force (FATF)-Style Regional Body help its members implement recommendations from the FATF? (Choose two.),已一致,第三章.docx,188,188.(多选题)亚太金融行动特别工作组（FATF）式的区域机构如何帮助其成员实施FATF的建议?选择两个。,解析内容已与中文版一致
英文版第三章.docx,100,100.Which is a key role of FATF-Style Regional Bodies (FSRBs)?,已一致,第三章.docx,189,189.类金融行动工作组（FATF）的区域性组织（FSRB）的关键作用是什么?,解析内容已与中文版一致
英文版第三章.docx,101,101.How does the Financial Action Task Force (FATF) measure the effectiveness of a country in combating money laundering and terrorist financing?,已一致,第三章.docx,190,190.金融行动特别工作组（FATF）如何衡量一个国家在打击洗钱和资助恐怖主义方面的成效?,解析内容已与中文版一致
英文版第三章.docx,102,102.(多选题)Which are primary purposes of Financial Action Task Force (FATF)-Style Regional Bodies? (Choose two.),已一致,第三章.docx,191,191.(多选题)哪些是金融行动特别工作组（FATF）式的区域机构的主要目的?(选择两个）,解析内容已与中文版一致
英文版第三章.docx,103,103.Which is a goal of Financial Action Task Force Regional- Style Bodies?,已一致,第三章.docx,192,192.哪个是金融行动特别工作组区域型机构的目标?,解析内容已与中文版一致
英文版第三章.docx,104,"104.(多选题)Which statements relate to the mandate, roles, and responsibilities of the Financial Action Task Force (FATF) and the FATF-Style Regional Bodies (FSRBs)? (Choose two.)",已一致,第三章.docx,193,193.(多选题)哪些陈述与金融行动特别工作组（FATF）和金融行动特别工作组类区域性组织（FSRB）的任务、作用和责任有关?(选择两个）,解析内容已与中文版一致
英文版第三章.docx,105,105.(多选题)Which principles should be included in a FATF-Style Regional Body (FSRB) update? (Choose two.),已一致,第三章.docx,194,194.(多选题)在FATF的区域性组织（FSRB）更新应包括哪些原则?（选择两个）,解析内容已与中文版一致
英文版第三章.docx,106,106.Which response represents the high-level principles of the FATF-style Regional Bodies (FSRBs)?,已一致,第三章.docx,195,195.哪个回应代表了类FATF区域性组织（FSRB）的高级别原则?,解析内容已与中文版一致
英文版第三章.docx,107,107.What do Financial Action Task Force (FATF)-style regional bodies do for their members to help combat money laundering and terrorist financing?,已一致,第三章.docx,196,196.金融行动特别工作组（FATF）类似的区域性组织如何帮助其成员打击洗钱和恐怖融资?,解析内容已与中文版一致
英文版第三章.docx,108,108.Which is true about FATF-Style Regional Bodies (FSRBs)?,已一致,第三章.docx,197,197.关于金融行动特别工作组类区域性组织（FSRB），哪个是正确的?,解析内容已与中文版一致
英文版第三章.docx,109,"109.A Financial Intelligence Unit (FIU) in a country has received a SAR involving significant suspicious fund transfers, not only within its jurisdiction but also in a foreign country. Further information is required from the foreign country to determine whether the matter needs to be referred for prosecution locally. Which of the following statements is true in this scenario?",已一致,第三章.docx,155,155.某国的金融情报单位（FIU）收到了一份涉及大额可疑资金转移（SAR）的报告，该报告不仅涉及本国，还涉及外国的资金流动。为了确定该案件是否需要在本国提起诉讼，FIU需要从外国获取更多信息。在这种情况下，下列哪项陈述是正确的?,解析内容已与中文版一致
英文版第三章.docx,110,110.A Financial Intelligence Unit （FIU） in a country receives a SAR involving potential money laundering. The FIU wants to share this information with a foreign Flu. Which mechanism allows secure information sharing between FIUs?,已一致,第三章.docx,156,156.某国的金融情报单位（FIU）收到一份涉及潜在洗钱活动的可疑交易报告（SAR）。该FIU希望与外国FIU共享此信息。哪种机制可以让FIUs之间安全地共享信息?,解析内容已与中文版一致
英文版第三章.docx,111,111.Which operational situation might indicate that money laundering is occurring at or through a deposit-taking financial institution?,已一致,第三章.docx,157,157.哪个运营情况可能表明在接受存款的金融机构中正在发生洗钱活动?,解析内容已与中文版一致
英文版第三章.docx,112,112.(多选题)The goal of the Egmont Group of Financial Intelligence Units（FIUs） is to provide forum for FIUs to:（Choose Three.）,已一致,第三章.docx,158,158.(多选题)埃格蒙特集团的目标是为各国金融情报单位（FIUs）提供一个合作论坛，以实现以下哪些目标?（请选择三个）,解析内容已与中文版一致
英文版第三章.docx,113,113.What are the main objectives of Egmont Group?,未匹配,,,,中文版题库中未找到可确认的同题，保留原解析
英文版第三章.docx,114,114.What core objective does the Egmont Group suggest would lead to an effective national Financial Intelligence Unit (FIU)?,已一致,第三章.docx,55,55.埃格蒙特集团建议的核心目标是什么，从而建立一个有效的国家金融情报机构（FIU）?,解析内容已与中文版一致
英文版第三章.docx,115,115.(多选题)Which principles of the Egmont Group of Financial Intelligence Units (FIUs) are aimed at maximizing cooperation between FIUs to more effectively combat money laundering? (Choose two.),已一致,第三章.docx,56,56.(多选题)金融情报机构埃格蒙特集团的哪些原则旨在最大限度地加强金融情报机构之间的合作，以更有效地打击洗钱活动?(选择两个。）,解析内容已与中文版一致
英文版第三章.docx,116,116.(多选题)What are the main goals of Egmont Group? (Choose two. ),已一致,第三章.docx,57,57.(多选题)哪些是埃格蒙特集团的主要目标?(选择两个。),解析内容已与中文版一致
英文版第三章.docx,117,117.(多选题)How does the Egmont Group assist FI member units to accomplish their goals? (Choose three.),已一致,第三章.docx,58,58.(多选题)埃格蒙特集团是如何协助FI成员单位完成其目标的?(请选择三个。）,解析内容已与中文版一致
英文版第三章.docx,118,118.What is the main role of the Egmont Group in combating money laundering and terrorist financing?,已一致,第三章.docx,59,59.埃格蒙特小组在打击洗钱和资助恐怖主义方面的主要作用是什么?,解析内容已与中文版一致
英文版第三章.docx,119,119.What does the Egmont Group's support for its members include?,已一致,第三章.docx,60,60.金融情报机构——埃格蒙特集团对它的成员提供的支持措施?,解析内容已与中文版一致
英文版第三章.docx,120,120.What is the goal of the Egmont Group in providing a forum for Financial Intelligence Units (FIUs) around the world?,已一致,第三章.docx,61,61.埃格蒙特集团为全球金融情报机构提供一个论坛的目标是什么?,解析内容已与中文版一致
英文版第三章.docx,121,121.Which of the following statements about Wolfsburg Group is correct?,已一致,第三章.docx,159,159.下列哪一项有关沃尔夫斯堡集团的说法是正确的?,解析内容已与中文版一致
英文版第三章.docx,122,122.The Wolfsberg Group's AML Principles on Private Banking:,已一致,第三章.docx,160,160.沃尔夫斯堡集团关于私人银行业务的反洗钱（AL）原则主要强调什么?,解析内容已与中文版一致
英文版第三章.docx,123,123.(多选题)Which two factors should increase the risk of a correspondent bank customer and require additional due diligence according to the Wolfsberg Anti-MoneyLaundering Principles for Correspondent Banking? (Choose two.),已一致,第三章.docx,71,71.(多选题)依据wolfsberg代理银行反洗钱原则，下列哪两个因素会增加代理银行客户的风险并且需要额外的尽职调查?（选择两项）,解析内容已与中文版一致
英文版第三章.docx,124,124.Based on the AML principles outlined by the Wolfsberg Group， what do private and correspondent banks have in common when monitoring for terrorist financing?,已一致,第三章.docx,162,162.根据沃尔夫斯堡集团概述的反洗钱原则，私人银行和代理银行在监控恐怖融资时有什么共同点?,解析内容已与中文版一致
英文版第三章.docx,125,125.Which private banking situation requires due diligence actions to be implemented according to the AML principles of the Wolfsburg group?,已一致,第三章.docx,62,62.根据Wolfsberg集团的反洗钱原则，哪些私人银行业务需要采取尽职调查行动?,解析内容已与中文版一致
英文版第三章.docx,126,"126.(多选题)A bank's transaction surveillance system triggers an alert for a deposit of 250,000 USD into a client's account. According to the bank's KYC information, the client works for a financial advisory firm, and earns approximately 100,000 USD per year. Which actions should be taken? (Choose three.)",已一致,第三章.docx,63,"63.(多选题)一家银行的交易监控系统对存入客户账户的250,000美元触发了警报。根据银行的KYC信息，该客户在一家金融咨询公司工作，年收入约为100,000美元。应该采取哪些行动?(请选择三项。）",解析内容已与中文版一致
英文版第三章.docx,127,"127.A private banker of a multinational bank is joining a new private investment company. The banker has verified the identity of two directors, a husband and wife, each holding half of the shares. The funds in the account are provided by the wife alone. The banker was later told by the company that another director and shareholder would join the company, although the new shareholder did not provide funds. According to wolfberg's anti-money laundering principle for private banks, what due diligence should be taken for new directors and shareholders?",已一致,第三章.docx,64,64.一个跨国银行私人银行业者正在加入一个新的私人投资公司。银行业者已经验证了两个董事的身份，是一对夫妻，各占一半股份。账户中的资金由妻子一人提供。银行业者之后被公司告知另一位董事和股东将加入公司，尽管新股东并不提供资金。依据wolfberg私人银行反洗钱原则，针对新董事和股东需要采取什么尽职调查?,解析内容已与中文版一致
英文版第三章.docx,128,128.(多选题)What are two aspects of the Wolfsberg Anti-Money Laundering (AML) Principles for Correspondent Banking? (Choose two.),已一致,第三章.docx,65,65.(多选题)沃尔夫斯堡的代理银行反洗钱原则有哪两个方面?(选两个答案),解析内容已与中文版一致
英文版第三章.docx,129,129.A compliance officer at a small community bank has been asked to review existing customer onboarding policies and procedures to ensure they adequately address anti-money laundering risks.How should customer due diligence be implemented?,已一致,第三章.docx,67,67.一家小型小区银行的合规专员收到通知，要其审查现有客户的接纳政策和程序，以确保充分应对洗钱风险，应如何实施客户尽职调查?,解析内容已与中文版一致
英文版第三章.docx,130,130.The Wolfsberg Group has issued a number of documents since its inception aiming to:,已一致,第三章.docx,68,68.沃尔夫斯堡集团自成立以来发布了一系列文件，旨在:,解析内容已与中文版一致
英文版第三章.docx,131,131.Which step should be taken to understand the types of financial institutions to whom the services are being offered when a correspondent bank permits `nested` relationships according to the Wolfsberg Group?,已一致,第三章.docx,69,69.依据沃尔斯夫堡，当代理银行允许嵌入式关系时，需要采取什么步骤以理解提供服务的金融机构的种类?,解析内容已与中文版一致
英文版第三章.docx,132,132.(多选题)What are two requirements for monitoring and reporting suspicious activity for correspondent banking according to the Wolfsberg Principles?(Choose two.),已一致,第三章.docx,70,70.(多选题)根据沃尔夫斯堡原则，代理银行业务应遵循下列哪两项要求?（选择两个）,解析内容已与中文版一致
英文版第三章.docx,133,133.(多选题)Which two statements in the Wolfsberg Group's`Suppression of the Financing of Terrorism` define the role financial institutions should play in the fight against terrorism? (Choose two.),已一致,第三章.docx,72,72.(多选题)沃尔夫斯堡集团《制止向恐怖主义活动提供资助》声明中定义金融机构在打击恐怖主义中扮演的角色是什么?（选择两项）,解析内容已与中文版一致
英文版第三章.docx,134,134.The Wolfsberg Anti-Money Laundering Principles for Private Banking require new clients to be approved by whom?,已一致,第三章.docx,73,73.《沃尔夫斯堡私人银行反洗钱原则》要求新客户由谁批准?,解析内容已与中文版一致
英文版第三章.docx,135,135.(多选题)The compliance officer for a private bank has been tasked with writing a policy on how the bank will deal with intermediaries. Which two aspects should be included in the policy in respect of intermediaries to align it with the Wolfsberg Anti-Money Laundering Principles for Private Banking? (Choose two.),已一致,第三章.docx,74,74.(多选题)私人银行的合规专员接受了一项任务，编写银行如何与中间人交涉的政策。为了与wolfberg私人银行反洗钱原则一致，关于中间人的哪两个方面应该包括进这个政策?（选两个答案）,解析内容已与中文版一致
英文版第三章.docx,136,"136.(多选题)Which three options are included in the definition of ""entity operation"" of shell banks in Article 313 of Patriot Act?",已一致,第三章.docx,163,"163.(多选题)《爱国者法案》第313条关于空壳银行""实体经营""的定义中包含下列哪三个选项?",解析内容已与中文版一致
英文版第三章.docx,137,"137.Which section of the USA PATRIOT Act permits the U.S. government to seize funds deposited in a U.S. correspondent account of a foreign bank, creating extraterritorial impact?（1分）",已一致,第三章.docx,164,164.美国《爱国者法案》的哪一条款允许美国政府查封存入外国银行在美国代理账户中的资金，从而产生域外影响?,解析内容已与中文版一致
英文版第三章.docx,138,138.(多选题)A bank organized under foreign law and located outside of the U.S. maintains a correspondent banking relationship with a U.S.-based bank to handle financial transactions in U.S. dollars for its clients. In compliance with the USA PATRIOT Act of 2001.all U.S. banks and broker-dealers in securities must obtain a signed certification from all non-U.S. foreign bank clients conducting business with them. What information does the USA PATRIOT Act of 2001 require the foreign bank to certify to the U.S. bank?（Choose Three.）,已一致,第三章.docx,165,165.(多选题)一家根据外国法律成立、位于美国境外的银行与美国银行建立了代理银行关系，以处理其客户的美元交易。根据《2001年美国爱国者法案》，所有美国银行和证券经纪商必须从所有与其开展业务的非美国外国银行处获取签署的认证。根据该法律，外国银行需要向美国银行证明哪些信息?（请选择三个选项）,解析内容已与中文版一致
英文版第三章.docx,139,139.Section 319（a）of the USA PATRIOT Act:,已一致,第三章.docx,166,166.《美国爱国者法案》（USAPATRIOTAct）第319（a）条规定了什么?,解析内容已与中文版一致
英文版第三章.docx,140,140.Which section of the USA PATRIOT Act relates to forfeiture of funds and allows for extraterritorial reach?[1分],已一致,第三章.docx,167,167.《美国爱国者法案》的哪个条款涉及资金没收并允许域外管辖权?,解析内容已与中文版一致
英文版第三章.docx,141,141.What action does the USA PATRIOT Act allow the US government to take regarding financial institutions （Fls）that are based outside of the US?,已一致,第三章.docx,198,198.USA PATRIOT法案允许美国政府对位于美国境外的金融机构(Fls)采取什么行动？,解析内容已与中文版一致
英文版第三章.docx,142,142.According to the USA PATRIOT Act，under which condition would US financial institutions （Fls）maintain correspondent accounts for foreign shell banks?,已一致,第三章.docx,170,170.根据《美国爱国者法案》，在何种情况下，美国金融机构将为外国空壳银行保留代理账户?,解析内容已与中文版一致
英文版第三章.docx,143,143.Under requirements for correspondent accounts in the USA PATRIOT Act， the word ＂certification＂refers to a written representation by a:,已一致,第三章.docx,171,171.根据美国《爱国者法案》中对代理账户的要求，＂认证表＂一词指的是来自以下哪个的书面陈述:,解析内容已与中文版一致
英文版第三章.docx,144,144.A non-U.S. bank asks its U.S. correspondent whether there is risk of having funds seized in their correspondent account if a customer is involved in a predicate offense. The correspondent bank＇s reply should be，,已一致,第三章.docx,172,172.非美国银行询问其美国代理行，如果客户涉及上游犯罪，其代理行账户是否存在资金被扣押的风险。代理行的回答应为，,解析内容已与中文版一致
英文版第三章.docx,145,145.Which of the following is considered a shell bank as defined by the USA PATRIOT Act?,已一致,第三章.docx,174,174.以下哪一个被美国爱国者法案定义为空壳银行?,解析内容已与中文版一致
英文版第三章.docx,146,146.What does designing a country as being of ＂prime money laundering concern＂allow the U.S government to do?,已一致,第三章.docx,173,"173.将一个国家设计成""首要洗钱关注对象""让美国政府可以做什么?",解析内容已与中文版一致
英文版第三章.docx,147,147.A European Union （EU） bank has a correspondent banking relationship with a U.S. bank. Under USA PATRIOT Act Section 311， the U.S. government has enacted special measures against a designated entity that has a payable-through account with the EU bank. Which of the following actions might the U.S. bank be required to take regarding the EU bank＇s services for the designated entity?,已一致,第三章.docx,75,"75.一家欧盟银行与一家美国银行有代理银行关系。根据美国《爱国者法案》第311条，美国政府对一个在该欧盟银行开有通汇账户的""指定实体""采取了特别措施。对于欧盟银行为该""指定实体""提供的服务，美国银行可能被政府要求采取以下哪种行动?",解析内容已与中文版一致
英文版第三章.docx,148,148.(多选题)The marketing department presents to an anti-money laundering specialist a business plan targeting individuals holding important public positions. In addition to obtaining the properidentification and basic information from these customers， what else should the anti-money laundering specialist recommend a financial institution do to check the background and conduct enhanced due diligence based on public information? （Choose three）,已一致,第三章.docx,76,76.(多选题)营销部向反洗钱专家提交了一份针对任职在重要公共职务个人商业计划，除了从这些客户那里获得适当的身份证明和基本信息外，反洗钱专家还应建议金融机构做什么以核实其交易背景和基于公共外部信息的加强尽职调查?（选择三个）,解析内容已与中文版一致
英文版第三章.docx,149,149.(多选题)Which statements regarding the USA PATRIOT ACT best describe key aspects that have extraterritorial reach? (Choose three.),已一致,第三章.docx,77,77.(多选题)关于《美国爱国者法案》的哪些陈述最能描述具有域外影响的关键方面?（选择三个）,解析内容已与中文版一致
英文版第三章.docx,150,150.Which is a valid extraterritorial effect of the USA PATRIOT act?,已一致,第三章.docx,78,78.哪个是美国《爱国者法案》的有效治外法权效力?,解析内容已与中文版一致
英文版第三章.docx,151,"151.A foreign bank maintains a correspondent account in the US. According to an investigation carried out by US authorities, the specific correspondent account seems to have facilitated a transaction involving tainted funds. Which allows the US authorities to seize the funds of the foreign bank held with the US bank?",已一致,第三章.docx,79,79.外国银行在美国设有代理账户。根据美国当局开展的一项调查，该特定代理账户似乎促成了涉及犯罪资金的交易。什么允许美国当局扣押该外国银行在美国银行持有的资金?,解析内容已与中文版一致
英文版第三章.docx,152,"152.(多选题)The compliance officer of a foreign bank receives an information request from an American bank, reminding that the foreign bank may transfer funds on behalf of a person sanctioned by the Office of Foreign Assets Control (OFAC), who has an account with the foreign bank. Which statements are correct about the above funds and information related to the transactions under review? (Please select two)",已一致,第三章.docx,81,81.(多选题)一家外国银行的合规官员收到一家美国银行的信息请求，提醒该外国银行可能代表海外资产控制办公室（OFAC）制裁的人转移资金，该人在该外国银行有一个账户。关于上述资金和与被审查的交易有关的信息，哪些说法是正确的?(请选择两项）,解析内容已与中文版一致
英文版第三章.docx,153,153.(多选题)A large United States (U.S.) bank is performing due diligence on a non-U.S. bank. The non-U.S. bank has applied for a correspondent account at the U.S. bank.Which two steps should the U.S. bank take under the USA PATRIOT Act? (Choose two.),已一致,第三章.docx,82,82.(多选题)一个大型美国银行正在对一个非美国银行进行尽职调查。这个非美国银行在美国银行申请开设代理账户，依据美国爱国者法案，美国银行需要采取哪两个步骤?(选两个答案),解析内容已与中文版一致
英文版第三章.docx,154,"154.Bank A is a non-American bank with a correspondent account of $5 million in a bank in new york. The World Terrorist Organization (WTS) has $1 million in the account of the non-American branch of Bank A.. The U.S. government has imposed confiscation measures on WTS. According to the USA Patriot Act, what action may the United States take to issue a confiscation order?",已一致,第三章.docx,83,83.A银行是一家非美国银行，在一家位于纽约市的银行的代理账户有500万美元。世界恐怖组织(WTS)在A银行非美国分支机构的账户中有100万美元。美国政府已经对WTS实施了没收财产措施。依据美国爱国者法案，美国可能采取什么行动发布没收令?,解析内容已与中文版一致
英文版第三章.docx,155,155.Which does the USA PATRIOT Act stipulate for foreign banks concerning correspondent banking?,已一致,第三章.docx,80,80.美国《爱国者法案》对外国银行的代理银行业务有哪些规定?,解析内容已与中文版一致
英文版第三章.docx,156,156.(多选题)What are two purposes of the USA PATRIOT Act? (Choose two.),已一致,第三章.docx,84,84.(多选题)美国爱国者法案的两个目的是什么?(选两个答案),解析内容已与中文版一致
英文版第三章.docx,157,"157.According to the USA PATRIOT Act, under which condition would U.S. FIs maintain correspondent accounts for foreign shell banks?",已一致,第三章.docx,85,85.根据《美国爱国者法案》，在什么情况下，美国金融机构会为外国空壳银行保持代理账户?,解析内容已与中文版一致
英文版第三章.docx,158,"158.Under the USA PATRIOT Act, in which scenario would the US not have jurisdiction?",已一致,第三章.docx,87,87.根据《美国爱国者法案》，在哪种情况下美国没有管辖权?,解析内容已与中文版一致
英文版第三章.docx,159,"159.Based on the USA PATRIOT Act, what action might the US take to demonstrate extraterritorial reach?",已一致,第三章.docx,88,88.根据《美国爱国者法案》，美国可以采取什么行动来证明其域外影响力?,解析内容已与中文版一致
英文版第三章.docx,160,160.What is an aspect of the USA PATRIOT Act that has extraterritorial reach?,已一致,第三章.docx,89,89.《美国爱国者法案》有哪些方面具有域外效力?,解析内容已与中文版一致
英文版第三章.docx,161,161.(多选题)What are two requirements of United States financial institutions when conducting business with an international financial institution as a result of the USAPATRIOT Act? (Choose two.),已一致,第三章.docx,90,90.(多选题)依据美国爱国者法案，美国金融机构与国际金融机构交易时有哪两个要求?（选择两个）,解析内容已与中文版一致
英文版第三章.docx,162,162.Which aspect of the USA PATRIOT Act impacts foreign financial institutions?,已一致,第三章.docx,91,91.美国爱国者法案影响了外国金融机构的哪一方面?,解析内容已与中文版一致
英文版第三章.docx,163,163.(多选题)The vice president of the foreign correspondent banking department at a large United States bank has been notified that a foreign bank with an offshore license wants to open a correspondent account.Which two things must the vice president acquire under the USA PATRIOT Act? (Choose two.),已一致,第三章.docx,92,92.(多选题)美国银行海外代理银行部门的副总裁被告知一个有离岸执照的外国银行想要开设代理账户，依据美国爱国者法案，该副总裁需要获取哪两个东西?（选两个答案）,解析内容已与中文版一致
英文版第三章.docx,164,"164.(多选题)According to the Patriot Act, US financial institutions are required to have overseas (non-US financial institution) proxy accounts. Which two types of information must US financial institutions collect to meet the requirements? (Choose two)",已一致,第三章.docx,93,93.(多选题)依据美国爱国者法案要求，美国金融机构如果有海外（非美国金融机构）代理账户。美国金融机构必须收集以下哪2类信息以满足要求?（选择两个）,解析内容已与中文版一致
英文版第三章.docx,165,165.A foreign bank operating under an offshore license wants to open a correspondent account with a United States (U.S.) bank. The foreign bank plans to provide payable through account services to some of its customers.What must the foreign bank provide to the U.S. bank under the USA PATRIOT Act?,已一致,第三章.docx,94,94.拥有离岸许可证经营的外国银行希望在美国银行开立代理账户。这家外资银行计划向其部分客户提供通汇账户服务。根据《美国爱国者法案》，外国银行必须向美国银行提供什么?,解析内容已与中文版一致
英文版第三章.docx,166,166.(多选题)The USA PATRIOT Act on correspondent banking requires U.S. FIs that onboard new non-U.S. FIs to address which of the following? (Choose two.),已一致,第三章.docx,95,95.(多选题)关于代理银行业务的《美国爱国者法案》要求加入新的非美国金融机构的美国金融机构解决以下哪个问题?(请选择两项。）,解析内容已与中文版一致
英文版第三章.docx,167,"167.A non-U.S. bank wants to open an account at Bank A, which is a U.S.-based bank. Which information must Bank A obtain under the USA PATRIOT Act?",已一致,第三章.docx,96,96.一家非美国银行想在A银行开户，A银行是一家美国银行。根据《美国爱国者法案》，银行A必须获得哪些信息?,解析内容已与中文版一致
英文版第三章.docx,168,168.(多选题)What is the relationship between the EU Anti-Money Laundering Directive (AMLDs) and the local AML regulations of EU member states? (Please select two options),已一致,第三章.docx,175,175.(多选题)欧盟反洗钱指令（AMLDs）与欧盟成员国的本地AML法规之间的关系是什么?（请选择两个选项）,解析内容已与中文版一致
英文版第三章.docx,169,169.What is the importance of a risk based approach （RBA）and building controls commensurate with risks?,已一致,第三章.docx,176,176.采用基于风险的方法并建立与风险相匹配的控制措施有何重要性?,解析内容已与中文版一致
英文版第三章.docx,170,170.Cybersecurity risk can result in identity theft by:,已一致,第三章.docx,97,97.网络安全风险可通过以下方式导致身份盗窃:,解析内容已与中文版一致
英文版第三章.docx,171,171.Which statement about U.S. Specified Unlawful Activities （SUA）is true?,已一致,第三章.docx,177,177.关于美国特定非法活动（SUA）的哪项陈述是正确的?,解析内容已与中文版一致
英文版第三章.docx,172,172.When can the U.S. government file a civil confiscation lawsuit?,已一致,第三章.docx,178,178.美国政府何时可提起民事没收诉讼?,解析内容已与中文版一致
英文版第三章.docx,173,173.(多选题)Identify three key aspects of the extraterritorial effect of OFAC sanctions:,已一致,第三章.docx,179,179.(多选题)识别海外资产控制办公室制裁具有域外效力的三个关键面:,解析内容已与中文版一致
英文版第三章.docx,174,174.UN sanctions are the most effective and legitimate non-violent multilateral tools to respond to international security threats when they:,已一致,第三章.docx,180,180.当联合国（UN）制裁作为应对国际安全威胁的最有效和最具合法性的非暴力多边工具时，以下哪种情况最符合其特点?,解析内容已与中文版一致
英文版第三章.docx,175,175.Which statement is the most accurate in describing who must comply with office of Foreign Assets Control（OFAC）sanctions?,已一致,第三章.docx,181,181.以下哪项陈述最准确地描述了谁必须遵守美国财政部外国资产控制办公室（OFAC）的制裁规定?,解析内容已与中文版一致
英文版第三章.docx,176,176.Which statement about the extraterritorial reach of U.S. laws and legislation is accurate?,已一致,第三章.docx,182,182.关于美国法律和法规的域外适用，以下哪项陈述是准确的?,解析内容已与中文版一致
英文版第三章.docx,177,177.The Office of Foreign Assets Control requirements have an extraterritorial reach because compliance is required by:,已一致,第三章.docx,183,183.海外资产控制办公室的要求具有域外效力，因为以下方面需要遵守:,解析内容已与中文版一致
英文版第三章.docx,178,178.The main purpose of the US Treasury Department for OFAC's extraterritorial reach is to:,已一致,第三章.docx,98,98.美国财政部对外国资产控制办公室域外影响的主要目的是:,解析内容已与中文版一致
英文版第三章.docx,179,179.Which is an extraterritorial function of Office of Foreign Assets Control sanctions?,已一致,第三章.docx,99,99.哪个是海外资产控制办公室制裁的域外职能?,解析内容已与中文版一致
英文版第三章.docx,180,180.When may Office of Foreign Assets Control (OFAC) sanctioned-related transactions be allowed that would otherwise be prohibited?,已一致,第三章.docx,100,100.什么时候可以允许海外资产控制办公室（OFAC）的制裁相关交易，否则将被禁止?,解析内容已与中文版一致
英文版第三章.docx,181,181.Which key aspect of the Office of Foreign Assets Control's extraterritorial reach specifically relates to prohibited transactions?,已一致,第三章.docx,101,101.海外资产控制办公室的治外法权的哪个领域与禁止交易有关?,解析内容已与中文版一致
英文版第三章.docx,182,"182.An oil exploration company based in France does business with oil refineries in Iran, which is subject to comprehensive Office of Foreign Assets Control (OFAC) sanctions. What type of OFAC sanctions should be imposed against the French company?",已一致,第三章.docx,102,102.一家位于法国的石油勘探公司与伊朗的炼油厂有业务往来，该公司受到海外资产控制办公室（OFAC）的全面制裁。应该对该法国公司实施哪种类型的OFAC制裁?,解析内容已与中文版一致
英文版第三章.docx,183,183.What is the purpose of imposing sanctions?,已一致,第三章.docx,103,103.哪个是实施制裁的目的?,解析内容已与中文版一致
英文版第三章.docx,184,184.What can a compliance officer do in the absence of automated software to conduct U.S. Department of the Treasury Office of Foreign Assets Control (OFAC) sanction screens?,已一致,第三章.docx,105,105.合规官做在没有自动化软件情况下，对美国财政部外国资产控制办公室(QFAC)制裁筛选需要?,解析内容已与中文版一致
英文版第三章.docx,185,185.(多选题)OFAC-issued regulations apply to which entities? (Choose two.),已一致,第三章.docx,106,106.(多选题)OFAC美国海外资产控制办公室发布的法规适用于哪些实体?（选择两个。）,解析内容已与中文版一致
英文版第三章.docx,186,186.(多选题)What are the rules imposed by Office of Foreign Assets Control (OFAC) for legal entities and persons related to the U.S.? (Choose two.),已一致,第三章.docx,107,107.(多选题)海外资产控制办公室（OFAC）对与美国有关的法律实体和个人实行什么规定?(请选择两项。）,解析内容已与中文版一致
英文版第三章.docx,187,187.What must be materially true regarding transactions for United States (U.S.) sanctions laws to have jurisdiction?,已一致,第三章.docx,108,108.美国制裁法律对什么样的交易有管辖权限?,解析内容已与中文版一致
英文版第三章.docx,188,188.When must a United States (U.S.) bank block or reject an international funds transfer when there is an Office of Foreign Assets Control designated party to the transaction?,已一致,第三章.docx,109,109.当存在海外资产控制办公室指定交易方时，什么时候美国银行必须阻止或拒绝国际资金转移?,解析内容已与中文版一致
英文版第三章.docx,189,189.(多选题)One key aspect of the Office of Foreign Assets Control's extraterritorial reach includes the blocking of certain non- United States initiated transactions for or through the United States (U.S.) for benefit of a restricted person or entity.Under which three circumstances are U.S. banks required to block transactions? (Choose three.),已一致,第三章.docx,110,110.(多选题)海外资产控制办公室的境外影响力的一个关键方面包括为禁止受限的海外个人或实体发起的交易，或通过美国方面进行的交易。在哪三种情况下，美国银行需要阻止交易?（选择三个。）,解析内容已与中文版一致
英文版第三章.docx,190,190.A non-Us bank is implementing a sanction compliance program. Which extraterritorial reach of OFAC regulations would matter the most to the foreign bank?,已一致,第三章.docx,112,112.一家非美国银行正在实施一项制裁合规计划。海外资产控制办公室法规的哪种治外法权对该外国银行最为重要?,解析内容已与中文版一致
英文版第三章.docx,191,191.Which test should be included in the sanctions screening audit plan of the bank's Office of Overseas Assets Control?,已一致,第三章.docx,113,113.银行的海外资产控制办公室制裁筛查审计计划中应包括哪项测试?,解析内容已与中文版一致
英文版第三章.docx,192,192.A compliance officer of a FI is reviewing a payment for sanctions compliance between two parties in Europe and Asia. The payment is in Euros and involves the provision of services to a company located in a jurisdiction subject to OFAC secondary sanctions. Which factor is most important in determining the compliance officer's response?,已一致,第三章.docx,104,104.某金融机构的合规官员正在审查欧洲和亚洲的两方之间的一笔付款，以确定是否符合制裁规定。该付款以欧元为单位，涉及向一家位于受海外资产控制办公室次级制裁的管辖区的公司提供服务。在决定合规官员的反应时，哪个因素最重要?,解析内容已与中文版一致
英文版第三章.docx,193,"193.A company that opened an account in a large commercial bank triggered a suspicious transaction report. The investigation shows that a member of the board of directors of the bank is a major shareholder of the company. Further examination shows that the bank has no reasonable explanation for the suspicious behavior, but it cannot confirm whether criminal activities have occurred. Which of the following is the best action plan for the compliance officer?",已一致,第三章.docx,168,168.在大型商业银行开设账户的某公司触发了可疑交易报告。调查显示，该银行的一名董事会成员是该公司的主要股东，进一步审查显示，该银行对可疑行为没有合理的解释，但无法证实是否发生了犯罪活动，以下哪一项是合规官下一步的最佳行动方案?,解析内容已与中文版一致
英文版第三章.docx,194,194.What are the similarities between the Office of Foreign Assets Control (OFAC) and the sanctions imposed by the United Nations?,已一致,第三章.docx,111,111.海外资产控制办公室（OFAC）和联合国实施的制裁之间的相似之处是什么?,解析内容已与中文版一致
英文版第三章.docx,195,195.(多选题)Which of the following must always comply with all OFAC regulations? (Please select three),已一致,第三章.docx,184,184.(多选题)以下哪些人必须始终遵守美国海外资产控制办公室（OFAC）的所有法规?（请选择三个）,解析内容已与中文版一致
英文版第三章.docx,196,196.(多选题)A financial institution's (FI's) compliance officer is developing targeted role specific training for those involved in managing the institution's Correspondent Banking relationships.Which key messages are important to be included in the training to align with the Wolfsberg Group's Principles? (Choose two.),已一致,第三章.docx,66,66.(多选题)金融机构（FI）合规官正在为参与管理该机构代理银行业务关系的人员制定针对性的培训。培训中包含哪些重要信息，以符合沃尔夫斯堡集团的原则?（选择两个）,解析内容已与中文版一致
英文版第三章.docx,197,197.(多选题)(多选题) Which of the following are risk factors a financial institution should examine when onboarding a new corporate customer？（Choose Three.）,已一致,第三章.docx,161,161.(多选题)金融机构在为新的公司客户开户时，应当审查哪些风险因素?（请选择三个）,解析内容已与中文版一致
英文版第三章.docx,198,198.(多选题)(多选题)In which two ways do Financial Action Task Force-style regional bodies influence anti-money laundering and terrorist financing standards within their respective regions? (Choose two.),已一致,第三章.docx,199,199.(多选题)(多选题)金融行动特别工作组风格的区域机构通过哪两种方式影响各自区域内的反洗钱和恐怖主义融资标准?（选择两种）,解析内容已与中文版一致
英文版第三章.docx,199,"199.(多选题)According to the report ""Opportunities and Challenges of New Technologies in AML/CFT"" issued by the Financial Action Task Force (FATF), emerging technologies can help to implement the compliance plan against financial crimes (AFC) at all stages of the customer life cycle. Which of the following technologies are often used by organizations in AFC control? (Please select three)",已一致,第三章.docx,200,200.(多选题)根据金融行动特别工作组(FATF)发布的《新技术在AML/CFT中的机遇与挑战》报告，新兴技术可以帮助在客户生命周期的各阶段实施反金融犯罪(AFC)合规计划。以下哪些是组织在AFC控制中经常使用的技术?(请选择三个),解析内容已与中文版一致
英文版第三章.docx,200,"200.(多选题)The new head of a bank's KYC pays special attention to how to improve the risk management part of its KYC project, and refers to the principle of customer due diligence (CDD) of the Basel Committee. Which of the following options belong to the KYC project optimization measures mentioned in the CDD principles of Basel Committee? (Please select two)",已一致,第三章.docx,201,201.(多选题)一家银行的新任KYC负责人特别关注如何提升其KYC项目的风险管理部分，并参考了巴塞尔委员会(Basel Committee)关于客户尽职调查(CDD)原则。以下哪些选项属于巴塞尔委员会CDD原则中提到的KYC项目优化措施?(请选择两个),解析内容已与中文版一致
英文版第三章.docx,201,201.(多选题)The role of FATF's regional organizations (FSRBs) is: (select three),已一致,第三章.docx,202,202.(多选题)FATF的地区组织(FSRBs)的作用是:(选择三个),解析内容已与中文版一致
英文版第二章.docx,1,"1.Legal or illegal activities involving ""intentional neglect"" and international criminal factors that may lead to suspicious activity reports?",已一致,第二章.docx,97,"97.涉及""有意无视""和国际性犯罪因素，可能引发可疑活动报告的合法或非法活动?",解析内容已与中文版一致
英文版第二章.docx,2,2.Intentional disregard is defined as:,已一致,第二章.docx,98,98.有意无视的定义为:,解析内容已与中文版一致
英文版第二章.docx,3,3.A financial institution（FD） is investigating an alert generated by the automated transaction monitoring system. The AML analyst must determine whether the alert should be escalated for further investigation or archived as a false positive. Which action might be reasonable for theAML analyst to take?,已一致,第二章.docx,99,99.某金融机构（FI）正在调查自动化交易监控系统生成的警报。AML分析师需要决定是否升级该警报进行进一步调查，还是将其归档为误报。在此过程中，AML分析师可以采取哪些合理的行动?,解析内容已与中文版一致
英文版第二章.docx,4,4.An anti-money laundering consultant audits a bank＇s current anti-money laundering policies， procedures and controls. The bank serves high-income， high net-worth clients who include non-residents and off shore businesses. During a review of the custom list， the anti-moneylaundering consultant determines that he and the bank have mutual clients. The bank＇s written anti-money laundering program includes a process for the bank to establish the identity of the person with whom they conduct business， but does not address monitoring of customeraccount activity. The consultant should recommend the bank:,已一致,第二章.docx,101,101.反洗钱顾问审计了一个银行目前反洗钱政策、流程和控制。这个银行为高收入和高净值非居民和离岸客户提供给服务，在审阅客户清单期间，反洗钱顾问确定他和银行有共同客户，该银行的书面反洗钱计划包括一个程序，让银行确定建立与他们开展业务的人身份，但是没有涉及对客户账户活动的监控。这个反洗钱顾问应该建议银行:,解析内容已与中文版一致
英文版第二章.docx,5,5.Which is a key goal of EU Directives on money laundering?,已一致,第二章.docx,1,1.欧盟反洗钱指令的关键目标是什么?,解析内容已与中文版一致
英文版第二章.docx,6,6.Which is a red flag for funds transfers?,已一致,第二章.docx,2,2.资金转移的危险信号是什么?,解析内容已与中文版一致
英文版第二章.docx,7,7.(多选题)Which red flags should be considered prior to establishing a relationship with a third party? (Choose two.),已一致,第二章.docx,3,3.(多选题)在与第三方建立关系之前，应考虑哪些红旗标志?（选择两个）,解析内容已与中文版一致
英文版第二章.docx,8,8.What stage of money laundering is the act of using laundered funds to buy high-value assets and luxury goods?,已一致,第二章.docx,156,156.使用被清洗的资金购买高价值资产和奢侈品的行为属于洗钱的哪一阶段？,解析内容已与中文版一致
英文版第二章.docx,9,9.Which of the following is the financial stage of money laundering?,已一致,第二章.docx,157,157.以下哪一项是洗钱的金融阶段？,解析内容已与中文版一致
英文版第二章.docx,10,10.What is a method of placement that can be used by a money launderer in a deposit taking institution?,已一致,第二章.docx,4,"4.下列哪一种方法是洗钱者可以利用存款机构完成的""处置""意图?",解析内容已与中文版一致
英文版第二章.docx,11,"11.A customer puts high-denomination cash notes into a poker machine at a casino. Without placing any bets, the customer collected winnings in the form of a check from the casino. Which money laundering threats could result from the customer's activities?",已一致,第二章.docx,5,5.一位顾客将高面值的现金纸币放入赌场的扑克机。在没有下注的情况下，该顾客以支票的形式从赌场领取了赢利。该客户的活动可能导致哪些洗钱威胁?,解析内容已与中文版一致
英文版第二章.docx,12,"12.A branch manager for a small community bank has a new customer who deposits four EUR 50,000 checks into one account. Shortly thereafter, the customer goes to another branch and asks to transfer all but EUR 1,500 to three accountsin different foreign jurisdictions.Which suspicious activity should be the focus of the suspicious transaction report?",已一致,第二章.docx,6,6.一家小社区银行的分行经理有一个新客户，他把四个5万欧元的支票存入一个帐户。此后不久，客户转到另一个分行，要求将所有的资金，此外分别转移1500欧元到三个不同的外国管辖区的账户。下列那一条可疑活动应成为可疑交易报告的焦点?,解析内容已与中文版一致
英文版第二章.docx,13,13.What is an example of the integration stage of money laundering involving a bank or another deposit-taking institution?,已一致,第二章.docx,7,7.下列哪一项描述的是通过银行或其它存款机构来进行洗钱的融合阶段?,解析内容已与中文版一致
英文版第二章.docx,14,14.Which of the following is the economic impact of money laundering on the country?,已一致,第二章.docx,158,158.以下何者为洗钱对于国家造成之经济影响？,解析内容已与中文版一致
英文版第二章.docx,15,"15.(多选题)Money laundering has social and economic impacts, especially within developing countries. A high volume of money laundering in a country may:（Choose Two.）",已一致,第二章.docx,159,159.(多选题)【2025真题】洗钱对社会和经济有影响，尤其是在发展中国家。一个国家的洗钱活动规模较大可能会导致以下哪些后果？（请选择两个选项）,解析内容已与中文版一致
英文版第二章.docx,16,16.(多选题)Which economic and social factors could create a dependency on illicit activities and money laundering?（Choose two.）,已一致,第二章.docx,160,160.(多选题)(多选题)哪些经济和社会因素会造成对非法活动和洗钱的依赖？（选择两个）,解析内容已与中文版一致
英文版第二章.docx,17,17.Which is often an indirect consequence of non-compliance with AML laws?,已一致,第二章.docx,161,161.哪一种通常是不遵守反洗钱法律的间接后果？,解析内容已与中文版一致
英文版第二章.docx,18,18.(多选题)Which are social/economic consequences of money laundering? (Choose two.),已一致,第二章.docx,9,9.(多选题)洗钱的社会/经济后果是什么?（选择两个）,解析内容已与中文版一致
英文版第二章.docx,19,19.A compliance analyst is reviewing recent activity between a publicly traded company and a company in a high-risk jurisdiction. Which detail suggests that escalation is warranted?,已一致,第二章.docx,10,10.一名合规分析师正在审查一家上市公司与一家高风险司法管辖区公司之间的近期活动。哪些细节表明有理由升级关注?,解析内容已与中文版一致
英文版第二章.docx,20,20.Which is the most severe consequence for a FI if the regulator finds it is in breach of AML/CFT regulatory obligations?,已一致,第二章.docx,12,12.如果监管机构发现一个金融机构违反了反洗钱/反恐怖融资的监管义务，哪种后果是最严重的?,解析内容已与中文版一致
英文版第二章.docx,21,21.A UK national has accounts with a bank in Belgium， who maintains a branch in New York. The UK national has been recently added and screened against the Office of Foreign Assets Control （OFAC） Specially Designated Nationals and Blocked Persons List. Which action should the Belgian bank take?,已一致,第二章.docx,8,8.一名英国国民在比利时的一家银行有账户，该银行在纽约设有分行。该英国国民最近被列入外国资产控制办公室（OFAC）特别指定国民和被阻止人员名单，并根据该名单进行筛选。比利时银行应该采取哪些行动?,解析内容已与中文版一致
英文版第二章.docx,22,22.A law enforcement agency submits several requests to a FI. Which request is legitimate and requires the bank to respond?,已一致,第二章.docx,13,13.一个执法机构向一个FI提交了几个请求。哪一个请求是合法的，需要银行做出回应?,解析内容已与中文版一致
英文版第二章.docx,23,23.What social/economic consequences may a country without strong predicate crimes and lax prosecution of anti-money laundering cases suffer?,已一致,第二章.docx,14,14.一个没有强有力的上游犯罪并且对反洗钱案件起诉不严的国家可能遭受哪种社会/经济后果?,解析内容已与中文版一致
英文版第二章.docx,24,"24.(多选题)A high-profile, successful entrepreneur has been a client of a Swiss private bank for more than a decade. Recently, the entrepreneur launched a political career, with rather extremist political views. On which grounds can the bank terminate the client's bank relationship? (Choose two.)",已一致,第二章.docx,15,15.(多选题)一位备受瞩目的成功企业家成为一家瑞士私人银行的客户已经超过十年。最近，该企业家开始了政治生涯，其政治观点相当极端。该银行可以根据哪些理由终止该客户的银行关系?(请选择两项。）,解析内容已与中文版一致
英文版第二章.docx,25,25.What reputational risk consequence could a financial entity face for violating AML laws?,已一致,第二章.docx,11,11.金融实体违反反洗钱法可能面临什么声誉风险后果?,解析内容已与中文版一致
英文版第二章.docx,26,26.(多选题)What are two legal risks of having inadequate privacy policies and procedures? (Choose two.),已一致,第二章.docx,16,16.(多选题)隐私政策和程序不完善的两大法律风险是什么?（选择2项）,解析内容已与中文版一致
英文版第二章.docx,27,27.What is a major economic consequence of money laundering through the use of front companies?,已一致,第二章.docx,18,18.下列哪一项是利用空壳公司进行洗钱活动带来的主要经济后果?,解析内容已与中文版一致
英文版第二章.docx,28,28.(多选题)Why do organized crime groups often use front companies? (Choose two).,已一致,第二章.docx,17,17.(多选题)为什么有组织犯罪集团经常使用空壳公司?（选择两个）,解析内容已与中文版一致
英文版第二章.docx,29,29.(多选题)Money laundering can cause which consequences for a FI? (Choose two.),已一致,第二章.docx,19,19.(多选题)洗钱会对金融机构FI造成哪些后果?(选择两个。),解析内容已与中文版一致
英文版第二章.docx,30,30.What actions does FATF call on member countries to take in the most serious situation when the country has major shortcomings in its anti-money laundering strategy?,已一致,第二章.docx,20,20.当国家存在重大的反洗钱战略缺陷时，FATF呼吁成员国在最严重的情况下采取哪些行动?,解析内容已与中文版一致
英文版第二章.docx,31,31.(多选题)What are two sources for maintaining up-to-date sanctions information? (Choose two.),已一致,第二章.docx,21,21.(多选题)有哪两种资源确保可获得最新的制裁信息（选择两项）,解析内容已与中文版一致
英文版第二章.docx,32,32.Which action does the Financial Action Task Force (FATF) recommend be taken against jurisdictions that have strategic deficiencies?,已一致,第二章.docx,23,23.金融行动特别工作组对于存在战略缺陷的司法管辖区有何建议?,解析内容已与中文版一致
英文版第二章.docx,33,33.(多选题)What are the reasons why organized criminal groups often use shell companies? (Choose two),已一致,第二章.docx,24,24.(多选题)哪些是有组织犯罪集团经常使用空壳公司的原因?(选择两个。),解析内容已与中文版一致
英文版第二章.docx,34,34.Judgment: The reason why the organization is punished by the competent authority must be financial crimes.,已一致,第二章.docx,162,162.(判断题)组织受主管机关裁罚原因一定是金融犯罪,解析内容已与中文版一致
英文版第二章.docx,35,"35.Why adopt the ""risk-based money laundering prevention method""?",已一致,第二章.docx,163,163.为何采用“风险为本的防制洗钱方法”？,解析内容已与中文版一致
英文版第二章.docx,36,"36.A credit institution received a preliminary investigation report, which pointed out that there was a major deviation in its anti-money laundering (AL) obligations, and said that the institution might face the risk of the bank license being cancelled. Which of the following institutions may have published this report?",已一致,第二章.docx,164,164.一家信用机构收到了一份初步调查报告，该报告指出其在反洗钱（AL）义务方面存在重大偏差，并表示该机构可能面临银行牌照被辙销的风险。以下哪个机构可能发布了这份报告？,解析内容已与中文版一致
英文版第二章.docx,37,37.(多选题)Privacy and data protection restrictions placed upon financial institutions （FIs）in the EU require that FIs must:（Choose Tw0.）（1分）,已一致,第二章.docx,165,165.(多选题)(多选题)欧盟（EU）针对金融机构（FIs）实施的隐私和数据保护限制要求金融机构必须：（请选择两个）,解析内容已与中文版一致
英文版第二章.docx,38,38.Which piece of information identified by customer screening would be the most likely reason to trigger consideration of exiting business relationship with a customer because of financial crime concerns?,已一致,第二章.docx,166,166.在客户筛查过程中，以下哪一类信息最有可能因涉及金融犯罪问题，而促使金融机构考虑终止与该客户的业务关系？,解析内容已与中文版一致
英文版第二章.docx,39,"39.AU.S. bank recently received a regulatory order to remediate its AML programs, which included several violations of law. What degree of accountability is it possible for the bank's senior management and employees to face?",已一致,第二章.docx,167,167.一家美国银行因违反AML规定，收到监管机构的整改命令，要求改进其反洗钱（AL）合规计划。在这种情况下，该银行的高级管理层和员工可能面临何种责任？,解析内容已与中文版一致
英文版第二章.docx,40,40.(多选题)Which measures help limit the collection and use of personal data when performing AML-related controls?（choose two）,已一致,第二章.docx,168,168.(多选题)(多选题)在执行反洗钱（AML）相关控制时，哪些措施有助于限制个人数据的收集和使用？（选择两项）,解析内容已与中文版一致
英文版第二章.docx,41,41.(多选题)Which of the following are key AML measures that a regulated asset management company in the European Union(EU）should implement?（Choose Two.）,已一致,第二章.docx,169,169.(多选题)(多选题)欧盟（EU）受监管的资产管理公司应实施以下哪些关键反洗钱（AML）措施？（请选择两个选项）,解析内容已与中文版一致
英文版第二章.docx,42,42.(多选题)A newly appointed senior money laundering reporting officer （MLRO）at a digital bank has been instructed to implement an effective AML transaction monitoring system. What are important considerations for selecting and implementing the AML system?（Choose TWO.）[1分],已一致,第二章.docx,170,170.(多选题)(多选题)一家数字银行新任命的高级反洗钱报告官（MLRO）被指示实施一个有效的AML交易监测系统。在选择和实施该AML系统时，哪些是重要的考虑因素？（请选择两个选项）,解析内容已与中文版一致
英文版第二章.docx,43,43.A financial institution opens a mortgage loan for a customer. During a subsequent internal review of the loan，it was noted that the appraisal used to support the loan was performed by an appraiser who was not on the institution＇s approved appraiser list. This exception wasapproved by the senior loan underwriter. The reviewer， who had examined other loans from the same general area，noted that the value on the loan appeared significantly higher than on other comparable properties. Which of the following should the anti-money laundering specialist recommend next?,已一致,第二章.docx,171,171.金融机构为客户开立抵押贷款。在随后对贷款进行的内部审查中，注意到用于支持贷款的评估是由不在该机构核准评估师名单上的评估师进行的。该例外情况已由高级贷款承销商批准。审查员审查了同一地区的其他贷款，指出贷款价值明显高于其他可比资产。反洗钱专家接下来应该推荐以下哪一项做法？,解析内容已与中文版一致
英文版第二章.docx,44,44.What are the regulatory risks to a bank employee who willfully violates anti-money laundering laws?,已一致,第二章.docx,26,26.下列哪一项是银行从业人员故意违反反洗钱法律法规所面临的监管风险?,解析内容已与中文版一致
英文版第二章.docx,45,45.(多选题)What are two risks to institutions for violating anti-money laundering laws as demonstrated by the 2012 HSBC settlement with United States authorities? (Choose two.),已一致,第二章.docx,172,172.(多选题)2012年汇丰银行和美国监管签署和解令，体现了机构违反相关反洗钱法律法规的两大风险是什么？（选择两个）,解析内容已与中文版一致
英文版第二章.docx,46,46.(多选题)Following a recent exercise which explained how a correspondent banking operation could be used by money launderers， an anti-money laundering specialist decided to re-write the due diligence procedures for entering into agreements with foreign financial institutions. Which of the following information should be included to establish a rigorous＂Know Your Respondent＂ procedure?（Choose Three）,已一致,第二章.docx,102,"102.(多选题)在最近一次解释洗钱者如何利用代理银行业务的演习之后，一名反洗钱专家决定重新编写与外国金融机构签订协议的尽职调查程序。为建立严格的""了解您的代理行""程序，应包括以下哪些信息?（选择三个选项）",解析内容已与中文版一致
英文版第二章.docx,47,47.(多选题)Which entities require due diligence when the correspondent banking client is not controlled by its parent? (Choose two.),已一致,第二章.docx,27,27.(多选题)当代理银行客户不受其母公司控制时，哪些实体需要做尽职调查?（选择两个）,解析内容已与中文版一致
英文版第二章.docx,48,48.Which product type is subject to U.S. extra-jurisdictional reach over non-U.S. banks and non-U.S. persons under the USA PATRIOT Act?,已一致,第二章.docx,28,28.根据《美国爱国者法案》，哪种业务类型受美国对非美国银行和非美国人的司法管辖权之外的影响?,解析内容已与中文版一致
英文版第二章.docx,49,49.Why should financial institutions be required to update their anti-money laundering risk assessment?,已一致,第二章.docx,29,29.为什么金融机构应要求更新其反洗钱风险评估?,解析内容已与中文版一致
英文版第二章.docx,50,"50.What is a ""nested transaction""?",已一致,第二章.docx,143,143.什么是“巢状交易”？,解析内容已与中文版一致
英文版第二章.docx,51,51.How does the remittance account expose the correspondent bank to the risk of money laundering?,已一致,第二章.docx,144,144.通汇账户如何致使代理银行面临洗钱风险？,解析内容已与中文版一致
英文版第二章.docx,52,52.Which of the following policies is necessary for Huitong Banking to ensure a sound framework for preventing money laundering/combating terrorist financing?,已一致,第二章.docx,145,145.以下何者为通汇银行业务必须有的政策，以确保稳健的防制洗钱/打击资助恐怖主义活动架构?,解析内容已与中文版一致
英文版第二章.docx,53,"53.Which of the following options is correct? When the remittance account belongs to any of the following situations, the remittance banking business is most likely to become a channel for money laundering:",已一致,第二章.docx,146,146.下列选项中，哪一项是正确的？当通汇帐户属于下列哪种情况时，通汇银行业务最容易成为洗钱的管道：,解析内容已与中文版一致
英文版第二章.docx,54,54.How do private banking relationships make organizations vulnerable to money laundering?,已一致,第二章.docx,147,147.私人银行业务关系如何使组织容易受到洗钱的风险？,解析内容已与中文版一致
英文版第二章.docx,55,55.A government has instituted new anti-money laundering laws which require all financial institutions to obtain certain information from its customers.Which step should an institution located in this jurisdiction take to ensure compliance?,已一致,第二章.docx,30,30.政府制定了新的反洗钱法，要求所有金融机构从客户那里获得某些信息。为了确保遵守，位于该管辖区的机构应采取哪些步骤:,解析内容已与中文版一致
英文版第二章.docx,56,56.Private investment companies are potentially vulnerable to money laundering because:,已一致,第二章.docx,148,148.私人投资公司有可能受到洗钱活动的影响，因为：,解析内容已与中文版一致
英文版第二章.docx,57,"57.(多选题)A company service provider in country A established a company structure for a customer in country B, which is famous for corruption. The company structure includes a holding company in country A, where an international bank has a bank account. During the employment period, the customer's wealth was estimated at 7.52 million dollars. Shortly thereafter, the client's father became the president of country B. Two years later, in a routine customer review, it was found that the customer's wealth had grown to $510 million. What are the two red flags indicating money laundering or financial terrorism? (Choose two. )",已一致,第二章.docx,31,31.(多选题)A国的一个公司服务提供商为B国的一个客户建立了一个公司结构，B国以腐败著称。该公司结构包括一个在A国的控股公司，在那里的一家国际银行有一个银行账户。在入职期间，该客户的财富估计为752万美元。此后不久，客户的父亲成为B国的总统。两年后，在一次例行的客户审查中，发现客户的财富已经增长到5.1亿美元。什么是表明洗钱或金融恐怖主义的两面红旗标志?(选择两个。),解析内容已与中文版一致
英文版第二章.docx,58,"58.While conducting a review of a medium-risk customer, an analyst noted that a newly added authorized signatory is a foreign politically exposed person (PEP). Which is the appropriate next step for the analyst to take?",已覆盖,第二章.docx,32,32.在对一个中等风险客户进行审查时，分析员注意到一个新增加的授权签字人是一个外国政治公众人物（PEP）。该分析员下一步应该采取什么措施?,按题干、选项和答案确认对应后覆盖
英文版第二章.docx,59,59.The owner of a local retail store makes multiple deposits daily at a bank. When the owner makes these deposits， it is noted that he goes to different tellers （cashiers）. The deposits consist of cash in amounts less than the currency reporting threshold. Which of the following best describes this activity?,已一致,第二章.docx,149,149.当地一家零售店的老板每天在一个银行存好几笔钱，当零售店的老板进行存款时，注意到他去不同的柜员进行存款，存款包括现金，金额低于现金报告的门槛，下面哪项最好的描述了这个活动？,解析内容已与中文版一致
英文版第二章.docx,60,60.Which is an example of structuring with regards to money laundering?,已一致,第二章.docx,150,150.哪一个是关于洗钱的拆分示例？,解析内容已与中文版一致
英文版第二章.docx,61,61.How can money launderers use decentralized transactions to avoid triggering threshold transaction reporting requirements?,已一致,第二章.docx,151,151.洗钱人士如何利用分散交易，避免触发门槛交易呈报要求？,解析内容已与中文版一致
英文版第二章.docx,62,62.Which of the following customer activities poses the highest risk of money laundering?,已一致,第二章.docx,152,152.下列哪项客户活动有最高的洗钱风险？,解析内容已与中文版一致
英文版第二章.docx,63,63.One of the red flags of micro structuring is:,已一致,第二章.docx,33,33.微型拆分的一个危险信号是:,解析内容已与中文版一致
英文版第二章.docx,64,64.Upon filing a suspicious transaction report， which of the following elements should be the highest anti-money laundering priority in making the decision to keep the account open?,已一致,第二章.docx,153,153.提交可疑交易报告后，若决定保持账户开放，以下哪项应是反洗钱的最高优先考虑事项？,解析内容已与中文版一致
英文版第二章.docx,65,65.An anti-money laundering expert is hired by a new Internet bank to assess the money laundering threat to the bank. Because it is an on line bank the most important recommendation for the expert to make is that the bank?,已一致,第二章.docx,103,103.一家新成立的互联网银行聘请了一位反洗钱专家来评估该银行面临的洗钱威胁，如果是互联网银行，专家最重要的建议是什么?,解析内容已与中文版一致
英文版第二章.docx,66,66.What actions should the money service industry take to avoid violating the bank secrecy law?,已一致,第二章.docx,104,104.货币服务业应采取哪些行动，以免违反银行保密法?,解析内容已与中文版一致
英文版第二章.docx,67,67.An existing customer at a bank has recently expanded its services to provide check cashing for its customers.Which factor indicates the bank should terminate this relationship?,已一致,第二章.docx,34,34.一家银行的现有客户最近扩大了其服务，为客户提供支票兑现。哪些因素表明银行应该终止这种关系?,解析内容已与中文版一致
英文版第二章.docx,68,"68.A long-term client of an insurance company makes changes to a policy that require payment of an additional lump sum. The amount payable is high, though within the client's means based on the KYC information collected. The payment is made via a company in another jurisdiction that is known to have lax AML controls. Which indicator of suspicious activity is present?",已一致,第二章.docx,35,"35.某保险公司的一个长期客户对保单进行了修改，需要支付一笔额外的费用。应付的金额很高，尽管根据收集到的""了解你的客户""信息，这也在客户的能力范围之内。付款是通过另一个司法管辖区的公司进行的，而这个司法管辖区的反洗钱控制是不严格的。存在哪种可疑活动的指标?",解析内容已与中文版一致
英文版第二章.docx,69,69.Which aspect of the monetary service industry will increase the risk of financial crimes?,已一致,第二章.docx,105,105.货币服务业的哪个方面会提高金融犯罪风险?,解析内容已与中文版一致
英文版第二章.docx,70,70.(多选题)A company contracts a life insurance policy with a savings feature of 100，000 USD for an individual in a high-risk country. The policy receives monthly cash deposits from unknown third parties. A minimal part of the deposit is invested and the rest is withdrawn by the end of the month. Which are the circumstances to consider as a risk for money laundering? （Choose Two.,已一致,第二章.docx,106,106.(多选题)一家公司为高风险国家的个人签订了一份具有10万美元储蓄功能的人寿保险。该保单每月从不知名的第三方收取现金存款。存款的一小部分被投资，其余部分在月底前提取。哪些情况可以被视为洗钱风险?（选择两个）,解析内容已与中文版一致
英文版第二章.docx,71,71.Which customer action would an insurance company consider to be a red flag for money laundering?,已一致,第二章.docx,36,36.保险公司认为哪些客户行为是洗钱的危险信号?,解析内容已与中文版一致
英文版第二章.docx,72,72.How can a 'free-look provision' as part of a life insurance policy help criminals to launder money?,已一致,第二章.docx,37,"37.人寿保险中的""犹豫期条款""是如何作为洗钱手段的""帮凶""的?",解析内容已与中文版一致
英文版第二章.docx,73,73.A customer has borrowed the cash surrender value of their life insurance policies. Which requires a further investigation and filing of the SAR/STR?,已一致,第二章.docx,38,38.一个客户贷款贷了他们的人寿保险单的现金退保价值。哪种情况需要进一步的调查，并抛出SAR/STR?,解析内容已与中文版一致
英文版第二章.docx,74,74.Which insurance product is particularly vulnerable to money laundering?,已一致,第二章.docx,39,39.下列哪一种保险产品是最容易被洗钱分子利用的?,解析内容已与中文版一致
英文版第二章.docx,75,75.The compliance officer of an insurance company is reviewing the recent trading behavior of some clients. Which of the following is the most obvious indication of money laundering risk?,已一致,第二章.docx,40,40.一家保险公司的合规负责人正在查阅近期一些客户的交易行为。下列哪一项最为明显的预示着存在洗钱风险?,解析内容已与中文版一致
英文版第二章.docx,76,76.Which of the following can promote money laundering through securities and brokerage dealers?,已一致,第二章.docx,107,107.以下何者可透过证券与经纪经销商促成洗钱?,解析内容已与中文版一致
英文版第二章.docx,77,"77.A law enforcement action alleged that, over the course of two months, defendants engaged in a series of copper, gold, crude oil, and natural gas futures transactions on an electronic trading platform. One defendant repeatedly bought future contracts at low prices from another party and immediately sold them back at higher prices, effectively ensuring that one defendant made profits while the other took losses, even though there was no actual market risk involved. What is the name of this typology?",已一致,第二章.docx,108,108.某执法行动指控，被告在两个月内通过电子交易平台进行了一系列铜、黄金、原油和天然气期货交易。其中，一名被告反复以低价从另一方购买期货合约，然后立即以更高价格卖回，确保其中一名被告获得利润，而另一方承担损失，但整个交易过程中并无实际市场风险。这种交易类型被称为什么?,解析内容已与中文版一致
英文版第二章.docx,78,78.What is the term for trading through multiple accounts， where an individual generates offsetting profits and losses and transfers of positions through accounts that do not appear to be commonly controlled?,已一致,第二章.docx,109,109.通过多个账户来生成盈亏抵消，并在表面上不受共同管理的账户间转移仓未，在证券行业这样的洗钱交易方式叫什么?,解析内容已与中文版一致
英文版第二章.docx,79,"79.A new customer has just been onboarded in a securities firm. After a few weeks, there are unusual trading patterns that are being flagged. Which pattern is most concerning to the compliance officer?",已一致,第二章.docx,41,41.一个新客户刚刚在一家证券公司入职。几周后，出现了不寻常的交易模式，被人发现。哪种模式最令合规官员担忧?,解析内容已与中文版一致
英文版第二章.docx,80,80.A potential client calls a broker-dealer wishing to purchase securities. The client does not appear to be concerned with any fees associated with the account or price of the securities.Further information provided by the potential client indicates the individual may have relatives working for a company in which the potential client wants to invest. Which type of activity is the potential client attempting to commit?,已一致,第二章.docx,43,43.证券经纪商收到潜在客户电话。客户似乎不关心与账户或证券价格相关的任何费用。潜在客户提供的进一步信息表明，有亲属可能在潜在客户希望投资的公司工作。潜在客户试图提交哪种类型的活动?,解析内容已与中文版一致
英文版第二章.docx,81,81.An analyst for a broker-dealer finds a client has been systematically purchasing securities at a high price but selling the same securities only when the price falls. Which type of activity is this trading pattern indicative of?,已一致,第二章.docx,44,44.证券经纪商的分析师发现，客户一直在系统地以高价购买证券，但只有在价格下跌时才出售相同的证券。这种交易模式代表了哪种类型的活动?,解析内容已与中文版一致
英文版第二章.docx,82,82.(多选题)What factors unique to the securities industry increase the risk of money laundering? (Choose two.),已一致,第二章.docx,45,45.(多选题)证券业特有的哪些因素会增加洗钱的风险?(选择两个。),解析内容已与中文版一致
英文版第二章.docx,83,83.Which trading pattern may be indicative of money laundering in capital markets?,已一致,第二章.docx,42,42.哪种交易模式可能表明资本市场中的洗钱行为?,解析内容已与中文版一致
英文版第二章.docx,84,84.(多选题)What are two reasons physical certificates present a money laundering risk to broker-dealers? (Choose two.),已一致,第二章.docx,46,46.(多选题)哪两项是说明券商提供纸质证书会带来潜在的洗钱风险的原因?(请选择两个答案),解析内容已与中文版一致
英文版第二章.docx,85,85.(多选题)Which are red-flag indicators of possible money laundering through online gambling? (Choose two.),已一致,第二章.docx,47,47.(多选题)哪些是可能通过在线赌博洗钱的危险信号?（选择两个）,解析内容已与中文版一致
英文版第二章.docx,86,"86.Tom is the compliance specialist of ABC Bank. He is checking the transaction status of Mr. Brown, a bank customer who is the owner of a check cashing company. Mr. Brown hasn't withdrawn any cash from his checking account in the past six months. He also deposited two checks issued by the casino, each amounting to $2,000. When Tom checked your customer documents, he found that Mr. Tom had asked the bank to provide information on fees and commissions when opening an account. Which of the following situations should arouse Tom's suspicion most?",已一致,第二章.docx,110,110.Tom是ABC银行的法规遵循专员。他正检视银行客户Brown先生的交易状况，该客户为一家支票兑现公司的所有人。Brown先生在过去的六个月内，未就支票存款提领过任何现金。他还存入了两张由赌场签发的支票，金额各为2，000美元。Tom在核查客户文件时，发现Brown先生曾于开立帐户时，要求银行提供费用和佣金方面的资讯。下列哪一种情形最应引起Tom的怀疑?,解析内容已与中文版一致
英文版第二章.docx,87,87.Which online gambling scheme involves placing bets with deposited funds and colluding with other players to obscure the money's origin?,已一致,第二章.docx,154,154.哪种在线赌博手法涉及用存入的资金下注，并与其他玩家合谋，以掩盖资金来源？,解析内容已与中文版一致
英文版第二章.docx,88,88.Which suspicious activity may be the strongest indicator of money laundering through a casino?,已一致,第二章.docx,111,111.以下哪种可疑行为最强烈地表明赌场可能被用于洗钱?,解析内容已与中文版一致
英文版第二章.docx,89,89.Which of the following is the main reason Internet gambling is an ideal web-based money laundering method?,已一致,第二章.docx,112,112.以下哪个是网络赌博是理想的网上洗钱方法的主要原因?,解析内容已与中文版一致
英文版第二章.docx,90,90.Which situation is the highest risk for money laundering and terrorist financing activity?,已一致,第二章.docx,113,113.哪种情况是洗钱和恐怖融资活动的最高风险?,解析内容已与中文版一致
英文版第二章.docx,91,91.(多选题)Which of the following are the most suspicious transaction indicators related to casino activities?（choose three）,已一致,第二章.docx,48,48.(多选题)以下哪三项是与赌场活动相关的最可疑的交易指标?（选择三个）,解析内容已与中文版一致
英文版第二章.docx,92,"92.Three people entered a casino and bought chips worth $20,000 in cash. The three men played a game with $200 chips, then combined their funds and asked for a casino check. What is the potential red flag of indirect money laundering?",已覆盖,第二章.docx,49,"49.三个人进入一家赌场，用现金购买价值20,000美元的筹码。三人用200美元的筹码进行游戏，然后将他们的资金合并起来，要求开出一张赌场支票。什么是间接的洗钱的潜在红旗标志?",按题干、选项和答案确认对应后覆盖
英文版第二章.docx,93,"93.(多选题)A US casino customer has won 55,518 USD. The customer goes to the casino cashier cage to execute some transactions. Which transactions are an indicator of money laundering? (Choose two.)",已一致,第二章.docx,50,"50.(多选题)一位美国赌场客户赢得了55,518美元。该顾客到赌场收银台执行一些交易。哪些交易是洗钱的一个指标?(选择两个）",解析内容已与中文版一致
英文版第二章.docx,94,94.A compliance officer for a casino may suspect money laundering if an individual:,已覆盖,第二章.docx,52,52.赌场的合规官认为以下个人行为涉及洗钱:,按题干、选项和答案确认对应后覆盖
英文版第二章.docx,95,95.Which method is used to launder money in casinos?,已一致,第二章.docx,53,53.在赌场使用哪种方法进行洗钱?,解析内容已与中文版一致
英文版第二章.docx,96,96.Which of the following is a red flag indicating potential money laundering or terrorism financing through dealers of precious metals or high-value items?,已一致,第二章.docx,114,114.以下哪种情况可能是通过贵金属或高价值物品经销商进行洗钱或恐饰融资的预警信号?,解析内容已与中文版一致
英文版第二章.docx,97,"97.(多选题)An agent of a wealthy individual from a high-risk country （as per the EU's high-risk jurisdictions list）approaches a notary in an EU country to dispose of assets recently acquired at an auction through an offshore company. The agent holds power of attorney from a law firm in another EU country. The transfer price is significantly lower than the auction price, but the agent refuses to explain the discrepancy. Which red flags should the notary consider?（Choose Tw0.）",已一致,第二章.docx,115,115.(多选题)一名来自高风险国家（根据欧盟高风险司法管辖区名单）的富豪代理人联系了一名欧盟国家的公证，希望处置最近通过离岸公司在拍卖会上购得的资产。代理人持有由另一欧盟国家的律师事务所签发的授权书。资产的转让价格明显低于拍卖价格，但代理人拒绝解释价格差异的原因。公证人应该考虑哪些洗钱危险信号?（请选择两个）,解析内容已与中文版一致
英文版第二章.docx,98,98.A customer＇s registered business activity is a domestic carpet cleaning company. Besides domestic receipts，there are incoming weekly transactions from an international reputable auction house starting at 15，000 USD and averaging 30，000 USD. The matching cash outgoings amount to 90％ of the incoming deposits to non-related individuals. Which is most concerning for potential money laundering?,已一致,第二章.docx,116,116.客户是注册的一家国内地毯清洁公司。此外，还有来自国际知名拍卖行的国外收入，该拍卖行每周交易金额15000美元起，均价30000美元。相应的现金支出相当于非关联个人存款的90％。哪一个对潜在的洗钱最为担忧?,解析内容已与中文版一致
英文版第二章.docx,99,99.(多选题)An auction house dealing in fine art and antiques sells a well-known painting at a price of $$12 million to an agent bidding for a group of local investors. The same painting sold ten years prior at auction for $$5 million. The auction house receives payment for the painting via wire transfer from an account maintained in an offshore jurisdiction by the investor group. No beneficial ownership information is available for the account.What are the two money laundering red flags? (Choose two.),已一致,第二章.docx,54,54.(多选题)一家艺术品与古董拍卖行将一件出名的油画作品以1200万美金的价格卖给了一个代理人，这个代理人代表了几位当地的投资者。这幅油画曾经在10年前的一次拍卖上以500万美金的价格成交。本次拍卖款的支付是通过几位投资者在一个离岸的司法管辖区的银行开设的账户通过转账的形式实现的。该账户无法核实实际控制人的身份信息。下列哪两项描述显示上述的行为存在洗钱风险?(请选择两个答案),解析内容已与中文版一致
英文版第二章.docx,100,100.(多选题)A professional dealer in precious metals and stones in an EU country plans to implement measures to reduce the risk of being misused for money laundering purposes. Which measures are most relevant for achieving this goal? (Choose two.),已一致,第二章.docx,55,55.(多选题)一个欧盟国家的贵金属和宝石专业经销商计划实施措施，以减少被滥用于洗钱的风险。哪些措施与实现这一目标最相关?(请选择两项）,解析内容已与中文版一致
英文版第二章.docx,101,101.A precious metals dealer opens a new account with a bank. Which requires a referral to AML Investigations for further review?,已一致,第二章.docx,56,56.贵金属交易商在银行开立新账户。哪些需要转介反洗钱调查以供进一步审查?,解析内容已与中文版一致
英文版第二章.docx,102,102.(多选题)Which two aspects of precious metals pose the highest risk of money laundering? (Choose two.),已一致,第二章.docx,57,57.(多选题)下面哪些选项是贵金属易被用于洗钱的原因?（选择两个。）,解析内容已与中文版一致
英文版第二章.docx,103,103.A typical red flag regarding potential money laundering in connection with an art purchase occurs when a customer:,已一致,第二章.docx,58,58.一个典型的与艺术品购买有关的潜在洗钱活动的红旗标志出现在客户身上:,解析内容已与中文版一致
英文版第二章.docx,104,104.In order for a terrorist organization to move funds from Cyprus to England through trade-based money laundering，which technique would be used?,已一致,第二章.docx,155,155.为了让恐怖组织通过基于贸易的洗钱将资金从塞浦路斯转移到英国，会使用哪种技术？,解析内容已与中文版一致
英文版第二章.docx,105,105.What are the key measures to prevent and control money laundering to reduce the high risks related to precious metal industry?,已一致,第二章.docx,117,117.何者为降低贵金属产业相关高风险之关键防制洗钱控制措施?,解析内容已与中文版一致
英文版第二章.docx,106,106.(多选题)Which red flags could indicate increased terrorist financing and money laundering risks related to cultural objects and high-value art?（Choose Three.）,已一致,第二章.docx,118,118.(多选题)以下哪些预警信号可能表明与文化物品和高价值艺术品相关的恐怖融资和洗钱风险增加?（请选择三个选项）,解析内容已与中文版一致
英文版第二章.docx,107,107.(多选题)Which red flags could indicate increased terror financing and money laundering risks related to cultural objects?（Choose Three.）,已一致,第二章.docx,119,119.(多选题)哪些可疑迹象可能表明与文化物品相关的恐怖融资（TF）和洗钱（ML）风险增加?（请选择三个）,解析内容已与中文版一致
英文版第二章.docx,108,108.Can trading in antiques be useful for money laundering?,已一致,第二章.docx,120,120.古董交易对洗钱有帮助吗?,解析内容已与中文版一致
英文版第二章.docx,109,109.Which of the following money laundering channels is related to car distribution?,已一致,第二章.docx,121,121.以下哪个洗钱管道与汽车经销有关?,解析内容已与中文版一致
英文版第二章.docx,110,"110.What can professional service providers, such as lawyers, accountants, financial practitioners and other professionals provide to organized criminal groups or terrorists?",已一致,第二章.docx,122,122.专业服务提供者，如:律师、会计师、金融从业人员、其他专业人员，可以提供什么给组织犯罪集团或恐怖份子?,解析内容已与中文版一致
英文版第二章.docx,111,111.Which scenario indicates potential money laundering activity by a lawyer?,已一致,第二章.docx,123,123.以下哪种情境最可能表明律师涉嫌参与洗钱活动?,解析内容已与中文版一致
英文版第二章.docx,112,"112.(多选题)Gatekeepers, including accountants, can be well-positioned to identify and detect changes in the type of work or the nature of a client's activities. In order to do so, they need to understand the risks associated with:（Choose Two.）",已一致,第二章.docx,124,124.(多选题)守门人（Gatekeepers），包括会计师，在发现客户工作类型或业务活动性质的变化方面通常处于有利位置。为了做到这一点，他们需要了解以下哪些风险?（请选择两个）,解析内容已与中文版一致
英文版第二章.docx,113,113.During the course of work on behalf of a client， a lawyer participated in the movement of money. If the lawyer suspects an act of money laundering，which of the following should thelawyer do according to European Union Money Laundering Directives?,已一致,第二章.docx,125,125.在帮客户代理汇款的过程中，如果律师怀疑客户有洗钱行为，根据欧盟反洗钱指令，律师应该做下列哪一项?,解析内容已与中文版一致
英文版第二章.docx,114,114.(多选题)A prospective client walks into an accounting firm wanting to incorporate a company. The accountant feels uncomfortable after the meeting. Which two of the accountant's observations warrants escalation to the compliance officer? (Choose two.),已一致,第二章.docx,126,126.(多选题)一家会计师事务所的潜在客户想要成立一家公司。会计师在会面后感到不舒服。以下哪两项观察意见值得会计师上报给合规官?（选择两个）,解析内容已与中文版一致
英文版第二章.docx,115,115.(多选题)Which activities conducted by a lawyer could be a red flag for money laundering?（Choose two.）,已一致,第二章.docx,127,127.(多选题)律师进行的哪些活动可能是洗钱的危险信号?（选择两个）,解析内容已与中文版一致
英文版第二章.docx,116,116.A client has retained a lawyer to create a financial holding company. The lawyer resides in Europe. The client provides all requested documentation to the lawyer. However， the lawyer becomes suspicious that the customer is engaged in criminal activity and intends to use the financial holding company for money laundering purposes. Which of the following should an anti-money laundering specialist recommend according to the European Union MoneyLaundering Directives?,已一致,第二章.docx,128,128.一名客户聘请了一名律师创建了一家金融控股公司。律师居住在欧洲。客户向律师提供所有要求的文件。然而，律师怀疑客户从事犯罪活动，并打算利用金融控股公司进行洗钱。根据欧盟洗钱指令，反洗钱专家应推荐以下哪项?,解析内容已与中文版一致
英文版第二章.docx,117,"117.Based on studies executed by the Organization for Economic Cooperation and Development (OECD), which occupations are particularly vulnerable to the use of false identities and identity theft?",已一致,第二章.docx,59,59.根据经济合作与发展组织（经合组织）进行的研究，哪些职业特别容易被使用假身份和身份盗窃?,解析内容已与中文版一致
英文版第二章.docx,118,"118.An accounting firm opened an account at a bank that is intended to be used as the operational account for the business.After a few months, a comprehensive review of the account was triggered due to unusual activity on the account. Which most likely triggered the review?",已一致,第二章.docx,60,60.会计师事务所在一家银行开立了一个账户，用作业务的运营账户。几个月后，由于账户上的异常活动，对账户进行了全面审查。哪一个最有可能触发审查?,解析内容已与中文版一致
英文版第二章.docx,119,"119.How can gatekeepers like lawyers, notaries, and company service providers play a key role in the fight against money laundering?",已一致,第二章.docx,61,61.律师、公证人和公司服务提供商等守门人如何在打击洗钱中发挥关键作用?,解析内容已与中文版一致
英文版第二章.docx,120,120.(多选题)Which three methods are commonly used by an accountant to launder money? (Choose three.),已一致,第二章.docx,62,62.(多选题)下列哪三种方法是会计师常用来洗钱的?（请选择三个答案）,解析内容已与中文版一致
英文版第二章.docx,121,121.(多选题)A financial institution (FI) is fined for failure to implement an effective AML program. Which consequences could the regulator impose on the bank's Chief AML Officer? (Choose three.),已一致,第二章.docx,63,63.(多选题)一家金融机构（FI）因未能实施有效的反洗钱计划而被罚款。监管机构可以对该银行的首席反洗钱官员施加哪些后果?（选择三个）,解析内容已与中文版一致
英文版第二章.docx,122,122.An EU Trust and Company Service Provider (TCSP) analyst notices some unusual activity while looking through a customer's financial statements and detailed general ledger.The customer is in the business of importing and exporting machineries. Which transaction indicator warrants further escalation to the compliance officer?,已一致,第二章.docx,64,64.欧盟信托和公司服务提供商（TCSP）分析师在查看客户的财务报表和详细总账时注意到一些异常活动。客户从事机械进出口业务。哪些交易指标需要向合规官进一步上报?,解析内容已与中文版一致
英文版第二章.docx,123,123.A Trust and Company Service Provider (TCSP) providing services should have policies and procedures in place to identify critical information of the:,已一致,第二章.docx,65,65.提供服务的信托和公司服务提供商（TCSP）应制定政策和程序，以识别以下关键信息:,解析内容已与中文版一致
英文版第二章.docx,124,"124.(多选题)According to the Financial Action Task Force, as part of their risk assessment, which are important data and information that a Trust and Company Service Provider must understand when establishing and administering a trust? (Choose two.)",已一致,第二章.docx,65,65.提供服务的信托和公司服务提供商（TCSP）应制定政策和程序，以识别以下关键信息:,解析内容已与中文版一致
英文版第二章.docx,125,125.(多选题)Potential indicators of money laundering associated with Trust and Company Service Providers include: (Choose two.),已一致,第二章.docx,67,67.(多选题)与信托和公司服务提供者有关的潜在洗钱指标包括。(选择两个),解析内容已与中文版一致
英文版第二章.docx,126,126.Which is an indicator that there is an attempt to conceal a company's true beneficial ownership?,已一致,第二章.docx,68,68.哪一个是企图隐瞒公司真正的实际所有权的指标?,解析内容已与中文版一致
英文版第二章.docx,127,"127.(多选题)A corporate services provider in a European Union (EU) country has a prospect from an African country who deals in oil and gas. The prospect intends to develop an oil terminal in his home country with a $75 million dollar loan secured by a third party, which is a trust formed in a Caribbean island with a holding company based in a European secrecy haven. A young lady is presented as an ultimate beneficial owner who has gained her wealth through a fitness studio in her home country.What are two red flags that could indicate money laundering or financing terrorism? (Choose two.)",已一致,第二章.docx,69,"69.(多选题)某欧盟国家内的一家企业服务提供商有一个来自某非洲国家经营石油天然气业务的客户，该客户想在其所在国设立一处油港，并希望为此获得一笔7500万美元的贷款，该贷款客户将由第三方,即一家成立于加勒比海,总部设于欧洲保密天堂的控股公司进行担保,交易最终由一名年轻少女,她的财产来自一定健身工作室。有哪两个危险信号?",解析内容已与中文版一致
英文版第二章.docx,128,128.(多选题)A student contacts a real estate broker to view a home but cancels last minute due to illness. The student wants to quickly buy the 800，000 USD home， which is overvalued， despitethe broker＇s objections to the asking price. Which real estate red flags should the broker identify?（Choose Three.）,已一致,第二章.docx,129,129.(多选题)一名学生联系房地产经纪人看房，但因病在最后一刻取消了预订。尽管经纪人反对开价，但这名学生还是想迅速买下这套价值80万美元的被高估的房子。经纪人应该识别哪些房地产危险信号?（选择三个）,解析内容已与中文版一致
英文版第二章.docx,129,129.Which is most relevant when examining transactions suspected of being associated with money laundering via real estate?,已一致,第二章.docx,70,70.在审查涉嫌与通过房地产洗钱有关的交易时，哪一个最相关?,解析内容已与中文版一致
英文版第二章.docx,130,"130.The owner of a real estate investment company deposits multiple cashier's checks that were bought using cash over a three month period, from the sale of two apartments. This account also receives several electronic transfers from other financial institutions for $10,000 USD each. What activity is considered suspicious of money laundering?",已一致,第二章.docx,71,"71.一家房地产投资公司的老板在三个月内用现金购买了多张本票，这些本票是出售两套公寓所得。这个账户还收到其他金融机构的几笔电子转账，每笔金额为10,000美元。什么活动被认为是可疑的洗钱行为?",解析内容已与中文版一致
英文版第二章.docx,131,"131.A U.K. real estate agent has three foreign clients interested in purchasing an apartment building, valued at £30 million, in the outskirts of London as an investment property. The clients are not willing to have their names provided to the bank. The clients want the purchase to be made in the names of three private companies for privacy reasons. The plan is to wire the funds into an account held in the name of another private company at a bank in London.Which red flag should stop the agent from discussing this potential purchase further?",已一致,第二章.docx,72,72.一家英国的房地产中介，碰到了三个海外的客人，他们都有意购买一处位于伦敦郊区的价值3千万英镑的公寓楼，作为投资。这些客户不希望告知银行他们的姓名。他们提出为了保护隐私，希望以三个私营企业的名义进行购买。他们计划把资金打到另一家位于伦敦的公司账户中。下列哪一项将导致这个房地产中介停止与潜在的购买者进行进一步的沟通?,解析内容已与中文版一致
英文版第二章.docx,132,132.Which of the following statements is correct?,已一致,第二章.docx,130,130.下列哪一项叙述是正确的?,解析内容已与中文版一致
英文版第二章.docx,133,133.Which method to finance terrorism involves falsifying transaction-related documents?,已一致,第二章.docx,74,74.下列哪一种是通过篡改交易文件信息的方式来资助恐怖主义活动的?,解析内容已与中文版一致
英文版第二章.docx,134,"134.The branch manager notices that a number of customers come in weekly and always use the same teller to process their deposits.The manager notices that the customers and the teller, who are from the same ethnic group, are speaking in a foreign language and every once in a while the customers from local ethnic restaurants will bring the teller lunch. The commercial customers that visit the teller generallydeposit the same amount of cash each time they come in. How should the branch manager respond to this activity?",已一致,第二章.docx,75,75.分行经理注意到，许多客户每周都会是使用同一个出纳员来处理他们的存款。经理发现出纳员和顾客是同一个族裔，用他们的民族语言交流。偶尔当地民族餐馆的顾客会给出纳员带来午餐同时每次让出纳员存入相同金额的现金。分行经理应如何应对这一活动?,解析内容已与中文版一致
英文版第二章.docx,135,135.What is the type of black market peso trading (BMPE)?,已一致,第二章.docx,131,131.黑市比索交易(BMPE)方式属于何种类型?,解析内容已与中文版一致
英文版第二章.docx,136,136.Which method to launder money through deposit-taking institutions is closely associated with international trade?,已一致,第二章.docx,76,76.下面何种方式是通过存款机构进行洗钱，且与国际贸易相关?,解析内容已与中文版一致
英文版第二章.docx,137,137.(多选题)A compliance officer is examining transactions related to a company suspected of being involved in wildlife trafficking. Which of the following activities are common in wildlife trafficking programs? (Select two),已一致,第二章.docx,73,73.(多选题)一位合规官员正在审查与一家涉嫌参与野生动物贩运的公司有关的交易。以下哪些活动是野生动物贩运计划中常见的?(选择两个),解析内容已与中文版一致
英文版第二章.docx,138,138.A bank sells reloadable open-loop prepaid cards to both customers and non-customers.What is a red flag associated with these cards that may indicate money laundering?,已一致,第二章.docx,77,77.一家银行向客户和非客户提供可冲值开放式预付卡。下列哪一项项对这种预付卡的使用预示可能存在洗钱风险?,解析内容已与中文版一致
英文版第二章.docx,139,139.What kind of payment method do criminals who operate in the dark network prefer?,已一致,第二章.docx,133,133.在暗网运作之犯罪分子偏好何种支付方式?,解析内容已与中文版一致
英文版第二章.docx,140,140.(多选题)A startup virtual currency exchange has registered as a money services business and will commence operations in six months. The company will provide digital wallets to customers to hold their virtual currency after purchase. Customers will have the option to conduct purchases of the virtual currency and transfer the currency to and from the digital wallet. The startup must develop an anti-money laundering compliance program prior to launch.Which two anti-money laundering responsibilities should be considered before business launch? (Choose two.),已一致,第二章.docx,78,78.(多选题)一项新开办的虚拟货币交易已被注册为货币服务业务，并将于六个月内开始运作。该公司将提供数字钱包给客户来购买后持有虚拟货币。客户可以选择购买虚拟货币，并将货币从数字钱包中转移出去。公司必须在推出之前制定一项反洗钱合规计划。企业启动前应考虑哪些反洗钱责任?(选择2个答案),解析内容已与中文版一致
英文版第二章.docx,141,141.Which element is often found in cryptocurrency crimes?,已一致,第二章.docx,134,134.哪项元素往往见于加密货币犯罪活动?,解析内容已与中文版一致
英文版第二章.docx,142,"142.An individual opens an e-account in an off-shore gambling website using non-documentary verification and creates an e- wallet on a mobile device. In order to add funds to the account, the individual uses a credit card, wire transfers, cryptocurrency, and a money service business. Which source of money represents more risk of money laundering?",已一致,第二章.docx,79,79.个人使用非文件验证在境外赌博网站开设电子账户，并在移动设备上创建电子钱包。为了向账户添加资金，个人使用信用卡、电汇、加密货币和货币服务业务。哪种资金来源的洗钱风险更大?,解析内容已与中文版一致
英文版第二章.docx,143,143.Which product is considered to be of highest money laundering risk?,已一致,第二章.docx,80,80.哪个产品的洗钱风险最高?,解析内容已与中文版一致
英文版第二章.docx,144,144.(多选题)Which of the following corporate structures present a higher money laundering risk due to reduced transparency?（Choose Three.）,已一致,第二章.docx,135,135.(多选题)以下哪些公司结构因透明度较低，而具有更高的洗钱风险?（请选择三个）,解析内容已与中文版一致
英文版第二章.docx,145,145.(多选题)Which statements describe risks that are associated with international business corporations? （Choose Two.）,已一致,第二章.docx,136,136.(多选题)哪些陈述描述了与国际商业公司相关的风险（选择两个）,解析内容已与中文版一致
英文版第二章.docx,146,146.A benefit of using bearer shares in corporate formations is that bearer shares are:,已一致,第二章.docx,81,81.在公司组织中使用不记名股票的好处在于，无记名股票:,解析内容已与中文版一致
英文版第二章.docx,147,"147.A bank located in Arizona is considering a loan application for a new client. The collateral for the loan is a property in Florida.The loan will be in the name of a limited liability company (LLC) whose ownership is not disclosed to thebank. The LLC was established by a New York-based attorney.The loan will be repaid by the LLC in monthly wire transfers of $9,000 which is more than the required monthly payment.Which aspect indicates the potential for money laundering?",已一致,第二章.docx,82,82.亚利桑那州的银行员工正在审核一个新客户的贷款申请，贷款抵押是位于佛罗里达州的房产。该贷款将归于一家有限责任公司，且该公司的所有人未向银行披露。已知该公司由一个纽约律师成立，且该公司每月将还款9000美金，此数额高于应还款金额，下列哪一项涉及洗钱?,解析内容已与中文版一致
英文版第二章.docx,148,148.An institution receives a request for credit from a local company that has been a client for many years. The information provided by the company indicates that its assets have increased substantially with the addition of several new subsidiaries. Further research performed by the institution indicates the new subsidiaries are recently created shell companies. Could this indicate potential money laundering?,已一致,第二章.docx,83,83.一家金融机构收到了当地一家公司的信贷请求。这家公司已经是这个金融机构多年的老客户了。在提供给机构的相应文件中表明，这家公司的资产有大幅度的增长，而且还收购了几家新的子公司。进一步的调查还发现，这几家新收购的公司是新近成立的空壳公司。这是否预示存在洗钱行为?,解析内容已与中文版一致
英文版第二章.docx,149,149.A bank account is established for a new business customer.The business was established five years ago with an address in another state. The business website contains few details other than stating it is a real estate business. One principal has an international telephone number and appears to be living in another country. The other principal works out of a recreational vehicle.What warrants enhanced due diligence in this scenario?,已一致,第二章.docx,84,84.一个企业在避税天堂注册，企业官网只显示其从事房地产交易，而无其他信息，经调查，该企业有两个负责人/所有人。其中一个人没有任何可用信息，另一个人拥有一辆露营车四海为家。下面哪种情况会需要EDD加强尽职调查?,解析内容已与中文版一致
英文版第二章.docx,150,150.(多选题)Which Trust parties should be identified to determine the true nature of the Trust relationship according to Basel guidelines? (Choose three.),已一致,第二章.docx,85,85.(多选题)根据巴塞尔准则，应对那些信托当事人进行尽职调查以确定信托关系的真实性质?（选择三个）,解析内容已与中文版一致
英文版第二章.docx,151,151.(多选题)A financial institution's (FI's) compliance officer is developing targeted role specific training for those involved in managing the institution's Correspondent Banking relationships.Which key messages are important to be included in the training to align with the Wolfsberg Group's Principles? (Choose two.),已一致,第三章.docx,66,66.(多选题)金融机构（FI）合规官正在为参与管理该机构代理银行业务关系的人员制定针对性的培训。培训中包含哪些重要信息，以符合沃尔夫斯堡集团的原则?（选择两个）,解析内容已与中文版一致
英文版第二章.docx,152,152.Outgoing foreign transactions of similar amounts trigger a monitoring alert for a customer＇s accounts. During the evaluation of the accounts，the bank discovers the wire transfers were very small amounts and occurred within the last 3 months following a long period of inactivity.The wire transfers appear to originate from legal sources. To assess the potential of terrorist financing， the institution must ensure the:,已一致,第二章.docx,137,137.客户进行的多笔相似金额的跨境出账交易触发了监控系统对其账户的警报。在对账户进行评估的过程中，银行发现电汇的金额非常小，而且是在账户长期不活动后的最近3个月内发生的。这些电汇似乎来自合法来源。为了评估恐怖主义融资的可能性，该机构必须确保:,解析内容已与中文版一致
英文版第二章.docx,153,153.Which of the following is a useful tool to detect and evaluate the risk of cross-border terrorist financing?,已一致,第二章.docx,138,138.以下何者是侦测评估跨境资助恐怖活动风险的有用工具?,解析内容已与中文版一致
英文版第二章.docx,154,154.(多选题)Which two methods have terrorist groups used to diversify their revenue stream and to fund their operations? (Choose two.),已一致,第二章.docx,88,88.(多选题)恐怖分子如何增加收入?(选择两个),解析内容已与中文版一致
英文版第二章.docx,155,155.Which method do terrorist financiers use to move funds without leaving an audit trail?,已一致,第二章.docx,89,89.下列哪一种方法是恐怖组织在不留下审计线索的情况下转移资金的呢?,解析内容已与中文版一致
英文版第二章.docx,156,"156.A company recognizes the implementation of terrorism through different activities, such as developing content for TV information supporting terrorism, encouraging terrorist activities through the Internet, promoting the use of cryptocurrency, and paying producers and journalists of TV and Internet information. What specific actions should be considered as financing terrorism?",已一致,第二章.docx,90,90.一家公司通过不同的活动认可恐怖主义的实施，例如为支持恐怖主义的电视信息开发内容，鼓励通过网络支持恐怖主义活动，宣传使用加密货币，并为电视和网络信息的制作人和记者支付报酬。哪些具体行动应被视为资助恐怖主义?,解析内容已与中文版一致
英文版第二章.docx,157,157.Which situation involving a vendor presents increased AML and/or sanctions risk to an organization?[1分],已一致,第二章.docx,139,139.以下哪种涉及供应商的情况会增加反洗钱（AML）和/或制裁风险?,解析内容已与中文版一致
英文版第二章.docx,158,158.Which of the following is true about terrorist financing?,已一致,第二章.docx,140,140.以下关于资助恐怖主义活动何者为真?,解析内容已与中文版一致
英文版第二章.docx,159,"159.(多选题)According to the Financial Action Task Force （FATF）report on terrorism financing, charities and nonprofit organizations are often vulnerable to terrorist financing because they:（Choose Two.）",已一致,第二章.docx,141,141.(多选题)根据金融行动特别工作组（FATF）关于恐怖主义融资的报告，慈善机构和非营利组织（NPOs）通常容易受到恐怖主义融资的影响，因为它们具备以下哪些特征?（请选择两个选项）,解析内容已与中文版一致
英文版第二章.docx,160,160.A charity has unaudited accounts. Which of the following represents the highest risk factor for terrorist financing?,已一致,第二章.docx,142,142.慈善机构有未经审计的账户。以下哪项是资助恐怖主义的最高风险因素?,解析内容已与中文版一致
英文版第二章.docx,161,161.An anti-money laundering analyst is reviewing a new customer list to confirm potentially high risk customers have been identified and subject to enhanced due diligence.Which new customer warrants enhanced due diligence?,已一致,第二章.docx,91,91.一名反洗钱分析师正在审查一份新的客户名单，以确认潜在的高风险客户已被确认并接受强化尽职调查。哪些新客户需要加强尽职调查?,解析内容已与中文版一致
英文版第二章.docx,162,162.A compliance officer was recently reviewing transactional data for an international charity and found transactions that present a higher risk.Which reason is cause for terminating the bankingrelationship?,已一致,第二章.docx,92,92.一名合规官最近审查了一家国际慈善机构的交易数据，发现存在较高风险的交易。终止银行关系的原因是什么?,解析内容已与中文版一致
英文版第二章.docx,163,163.What should countries do to help prevent non-profit organizations from being abused for the financing of terrorism according to the Financial Action Task Force 40 Recommendations?,已一致,第二章.docx,93,93.根据FATF40项建议，国家应采取什么行动帮助非营利组织被恐怖融资滥用?,解析内容已与中文版一致
英文版第二章.docx,164,"164.A money service business (MSB) has implemented an automated transaction monitoring system. Upon reviewing an alert, an analyst suspects the activity may be indicative of terrorism financing. Which additional information would indicate the alert should be escalated for further investigation?",已一致,第二章.docx,87,87.一家货币服务企业（MSB）已经实现了自动交易监控系统。在审查警报后，分析人员怀疑该活动可能资助恐怖主义。哪些其他信息表明应升级警报以进行进一步调查?,解析内容已与中文版一致
英文版第二章.docx,165,165.(多选题)What are the red flag signs related to companies involved in illegal logging? (Choose three. ),已一致,第二章.docx,94,94.(多选题)哪些是与参与非法伐木的公司有关的红旗标志?(选择三个）,解析内容已与中文版一致
英文版第二章.docx,166,"166.The compliance officer at a crowdfunding website is in charge of monitoring new crowdfunding projects. Recently, the number of crowdfunding projects has significantly increased.Which red flag indicates the highest anti-money laundering risk?",已一致,第二章.docx,95,95.某众筹网站的合规人员负责对新的众筹项目进行监控，最近众筹项目的数量显著上升，以下那个为反洗钱风险高的危险信号?,解析内容已与中文版一致
英文版第二章.docx,167,"167.When using virtual assets such as bitcoin to finance terrorism, which strategy can be adopted to ensure that virtual assets are not easily seized by law enforcement agencies?",已一致,第二章.docx,96,96.当使用比特币等虚拟资产资助恐怖主义时，可采用哪种策略来确保虚拟资产不容易被执法部门查获?,解析内容已与中文版一致
英文版第二章.docx,168,168.(多选题)(多选题) Which two methods can be used to structure casino- related transactions? (Choose two.),已一致,第二章.docx,51,51.(多选题)下列哪两种行为可能被怀疑是通过赌场洗钱?(请选择两个答案),解析内容已与中文版一致
英文版第二章.docx,169,"169.In reviewing recent transaction activity, a compliance officer for a money transmitter notices that several customers are each remitting the same amount of money but much more frequently.How should the institution respond?",已一致,第二章.docx,86,86.在审查最近的交易活动时，一个汇款机构的合规官员注意到，几个客户都在汇款相同数量的钱，但要频繁得多。该机构应如何应对?,解析内容已与中文版一致
英文版第二章.docx,170,"170.According to the Financial Crimes Enforcement Network, after an initial suspicious activity report has been filed for a customer, a financial institution must perform a continuing review of the account for a period of how many days?",已一致,第二章.docx,25,25.根据金融犯罪执法网络(FinCEN)的规定，在对客户进行初次可疑活动报告后，金融机构必须对该账户进行持续审查，时间为多少天?,解析内容已与中文版一致
英文版第二章.docx,171,171.(多选题)Which of the following are predicate crimes related to money laundering? (Please select three),已一致,第二章.docx,173,173.(多选题)以下哪些属于洗钱相关的上游犯罪?(请选择三个),解析内容已与中文版一致
英文版第二章.docx,172,172.(多选题)Which of the following are the possible macroeconomic consequences of uncontrolled money laundering activities? (Please select three),已一致,第二章.docx,174,174.(多选题)以下哪些是不受控制的洗钱梳活动可能带来的宏观经济后果?(请选择三个),解析内容已与中文版一致
英文版第二章.docx,173,173.(多选题)Which of the following are the key risks in providing correspondent banking services? (Please select three,已一致,第二章.docx,175,175.(多选题)以下哪些属于提供代理银行服务时面临的关键风险?(请选择三个),解析内容已与中文版一致
英文版第二章.docx,174,174.(多选题)What three types of services do money services usually provide? (Please select three),已一致,第二章.docx,176,176.(多选题)货币服务业务通常提供以下哪三类服务?(请选择三个),解析内容已与中文版一致
英文版第二章.docx,175,"175.(多选题)According to ""Guidance on Risk-based Approach: Life Insurance Industry"" issued by Financial Action Task Force (FATF), which of the following situations are money laundering red flags related to the participation of third parties in life insurance products? (Please select two)",已一致,第二章.docx,177,177.(多选题)根据金融行动特别工作组(FATF)发布的《基于风险的方法指导:人寿保险行业》，以下哪些情况属于与第三方参与人寿保险产品相关的洗钱危险信号?(请选择两个),解析内容已与中文版一致
英文版第二章.docx,176,176.(多选题)Which of the following scenarios describes the common money laundering risk indicators (Red Flags) in the operation of legal money services businesses (MSBS)? (Please select three),已一致,第二章.docx,178,"178.(多选题)以下哪些情境描述了合法货币服务业务(MSBs,Money Services Businesses)运营中常见的洗钱风险指标(Red Flags)?(请选择三个)",解析内容已与中文版一致
英文版第二章.docx,177,177.(多选题)Which of the following are the red flags related to money laundering in life insurance companies? (Select two),已一致,第二章.docx,179,179.(多选题)以下哪些是人寿保险公司中与洗钱有关的危险信号?(选择两个),解析内容已与中文版一致
英文版第五章.docx,1,1.Which scenario best justifies why a customer＇s account might be closed by a financial institution?,已覆盖,第五章.docx,85,85.哪种情况最能说明为什么金融机构可能会关闭客户的账户?,按题干、选项和答案确认对应后覆盖
英文版第五章.docx,2,2.A local law enforcement officer notifies the bank compliance officer that he is working on an insurance fraud scheme that appears to be running transactions using the account of a bank employee. The law enforcement officer refers to a kiting suspicious transaction report filed by the compliance officer and requests further information.What action should the compliance officer take?,已一致,第五章.docx,2,2.当地执法人员通知银行合规官，他正在调查一项保险欺诈计划，该计划似乎正在使用银行员工的账户进行交易。执法人员参考合规官提交的可疑交易报告，并要求提供更多信息。合规官应该采取什么行动?,解析内容已与中文版一致
英文版第五章.docx,3,"3.At a small community bank, the compliance officer identifies unusual activity on a customer, who with his personal and company accounts, is the bank's largest depositor. The customer's companies have significant balances on their outstanding loans. The compliance officer notices that there is a lot of unusual movements of money between the customer'sindividual and business accounts. After filing a suspicious transaction report (STR), the compliance officer gets a call from law enforcement indicating that they want the bank to keep the account open while they conduct an investigation into the customer. How should the compliance officer escalate this information to the board of directors?",已一致,第五章.docx,3,3.在一家小的社区银行，合规专员识别一个客户的异常行为，该客户的个人和公司账户是该银行最大的储户。客户的公司在未偿贷款上有相当大的余额。合规专员注意到客户个人和商业账户之间有许多不寻常的资金流动。在提交可疑交易报告(STR)后，合规人员接到执法部门的电话，表示他们希望银行在调查客户时保持账户的开放。合规专员应如何将这一信息递交到董事会?,解析内容已与中文版一致
英文版第五章.docx,4,"4.A client who owns a swimming pool company requests to open 19 accounts at a bank, each with a debit card for its swimming pool technicians. When asked about the purpose of each account, the client explains that each technician needs a separate checking account to purchase pool chemicals.Which available source could be used in the bank's internal investigation on this client's activities?",已一致,第五章.docx,4,4.拥有游泳池公司的客户要求在银行开立19个账户，每个账户都有一张借记卡给游泳池技术人员。当被问及每个帐户的用途时，客户解释说，每个技术人员需要一个单独的支票帐户来购买池化学品。哪些可用的资源可以用于银行对客户活动的内部调查?,解析内容已与中文版一致
英文版第五章.docx,5,5.What should the organization do when it receives a subpoena?,已一致,第五章.docx,79,79.当收到传票时，组织应如何应对?,解析内容已与中文版一致
英文版第五章.docx,6,6.(多选题)Which three situations should prompt financial institutions to conduct internal investigations?,已覆盖,第五章.docx,80,80.(多选题)哪三种情况应会促使金融机构进行内部调查?,按题干、选项和答案确认对应后覆盖
英文版第五章.docx,7,7.Which action should a financial institution take when it receives a grand-jury subpoena regarding a customer?,已一致,第五章.docx,10,10.当金融机构收到大陪审团关于客户的传票时，应该采取什么行动?,解析内容已与中文版一致
英文版第五章.docx,8,8.(多选题)Which actions are involved when a prosecutor instructs a bank to freeze the assets and bank accounts held by one of its clients? (Choose three.),已一致,第五章.docx,14,14.(多选题)当检察官指示银行冻结其客户持有的资产和银行账户时，涉及哪些行动?（选择三个）,解析内容已与中文版一致
英文版第五章.docx,9,9.What should an employee do after witnessing suspicious activity from a coworker?,已一致,第五章.docx,5,5.员工在目睹同事的可疑活动后应该怎么做?,解析内容已与中文版一致
英文版第五章.docx,10,10.What action should a bank CEO's assistant take when the bank CEO expenses large sums of money to a charitable organization run by the bank CEO's direct family member?,已一致,第五章.docx,6,6.当银行CEO向其直系亲属经营的慈善组织花费大笔资金时，银行CEO的助理应该采取什么行动?,解析内容已与中文版一致
英文版第五章.docx,11,11.(多选题)The law enforcement agency (LEA) of a foreign jurisdiction contacts a financial institution (FI) regarding one of the FI's clients. The LEA advises that the client is currently wanted for prosecution as a result of a series of human trafficking charges.What should the FI do? (Choose two.),已一致,第五章.docx,7,7.(多选题)一个外国司法管辖区的执法机构（LEA）就某金融机构的一个客户与该机构联系。执法机构告知，该客户目前因一系列人口贩运指控而被通缉起诉。该金融机构应该怎么做?(请选择两项）,解析内容已与中文版一致
英文版第五章.docx,12,12.(多选题)What measures should financial institutions take to identify and investigate customers' money laundering activities? (Select two),已一致,第五章.docx,8,8.(多选题)为了识别和调查客户的洗钱活动，金融机构应实施哪项措施?(选择两个）,解析内容已与中文版一致
英文版第五章.docx,13,"13.A bank received a subpoena for a customer who had been under surveillance for several months. The bank wants to close the account to reduce any additional risks. However, the government requires the account to remain open. What documents must be provided to the bank to keep the account open?",已一致,第五章.docx,9,9.一家银行收到一份传票请求，要求对一个已经被监控了几个月的客户进行传唤。银行希望关闭该账户，以减少任何额外的风险。然而，政府要求该账户仍然开放。必须向银行提供什么文件以保持账户处于开立状态?,解析内容已与中文版一致
英文版第五章.docx,14,14.Which action should a financial institution take when it receives a grand-jury subpoena regarding a customer?,已一致,第五章.docx,10,10.当金融机构收到大陪审团关于客户的传票时，应该采取什么行动?,解析内容已与中文版一致
英文版第五章.docx,15,15.(多选题)What factors can trigger the review of existing relationships during the opening of new accounts? (Choose two. ),已一致,第五章.docx,11,11.(多选题)在开立新账户期间，哪些因素可以触发对现有关系的审查?（选择两个）,解析内容已与中文版一致
英文版第五章.docx,16,16.How should a financial institution respond to a verbal request from a law enforcement agency to keep an account open to assist in an investigation?,已一致,第五章.docx,12,12.金融机构应如何回应执法机构的口头要求，以便开立账户以协助调查?,解析内容已与中文版一致
英文版第五章.docx,17,"17.During a law enforcement investigative interview regarding potential money laundering, the suspect starts making assertions and statements that the investigator believes are false. How should the investigator respond?",已一致,第五章.docx,13,13.在一次有关潜在洗钱的执法调查访谈中，犯罪嫌疑人开始做出调查者认为是虚假的认定和陈述。调查人员应如何回应?,解析内容已与中文版一致
英文版第五章.docx,18,18.A financial institution receives a legal request to freeze the assets of its customers. What action should be taken?,已一致,第五章.docx,15,15.某金融机构收到冻结客户资产的法律请求。应该采取什么行动?,解析内容已与中文版一致
英文版第五章.docx,19,19.Which approach ensures the successful implementation of a transaction monitoring system?,已一致,第五章.docx,16,16.哪种方法能确保交易监控系统的成功实施?,解析内容已与中文版一致
英文版第五章.docx,20,"20.An organization's automated surveillance system identifies large fluctuations in customer activity. As a result of an audit, the compliance officer is informed that the system is not generating alerts when activity is consistently abnormal over a long period of time. Currently the organization is evaluating new alert scenarios in an attempt to address this problem.Which type of scenario is helpful in mitigating this weakness?",已一致,第五章.docx,17,17.一个组织的自动监控系统发现了客户活动的巨大波动。作为审计的结果，合规官员被告知，当活动在很长一段时间内持续异常时，该系统没有产生警报。目前，该组织目前正在评估新的警报方案，试图解决这个问题。哪种类型的场景有助于缓解这一弱点?,解析内容已与中文版一致
英文版第五章.docx,21,21.(多选题)An AML specialist at a FI is presented with a searchwarrant. Which action should be taken to comply with thesearch? (Choose two.),已一致,第五章.docx,18,18.(多选题)某金融机构的反洗钱专家收到了一份搜查令。应该采取什么行动来遵守搜查令?(选择两个。）,解析内容已与中文版一致
英文版第五章.docx,22,22.Which is the main objective when a financial institution (FI) conducts an investigation?,已一致,第五章.docx,20,20.金融机构（FI）进行调查的主要目标是什么?,解析内容已与中文版一致
英文版第五章.docx,23,23.A compliance analyst is reviewing account activity of a customer that they suspect may be indicative of money laundering activity. Which is difficult to determine solely from the customer's account activity and KYC file?,已一致,第五章.docx,21,"21.一个合规分析员正在审查一个客户的账户活动，他们怀疑该客户可能有洗钱活动的迹象。仅仅从客户的账户活动和""了解你的客户""文件中很难确定哪一项?",解析内容已与中文版一致
英文版第五章.docx,24,24.(多选题)A United States (U.S.) bank was recently alerted by law enforcement of an increase in sale of large denomination U.S. bank notes to casas de cambio. They suspect that a Mexican syndicate is operating a money laundering scheme in the bank's jurisdiction.Which two steps should be taken to trace funds through the bank to assist law enforcement in their investigation? (Choose two.),已一致,第五章.docx,22,22.(多选题)一家美国银行最近接到法律的警告，因为它将越来越多的大面额美国银行票据出售给货币兑换所。他们怀疑一个墨西哥财团正在银行的管辖范围内实施洗钱计划。为了协助执法部门进行调查，应采取以下哪两个步骤通过银行追踪资金?(选择2个答案),解析内容已与中文版一致
英文版第五章.docx,25,25.Which of the following is open source intelligence (OSINT)?,已一致,第五章.docx,81,81.以下何者为公开来源情报(OSINT)?,解析内容已与中文版一致
英文版第五章.docx,26,"26.In reviewing recent activity, a compliance officer for a money transmitter that several customers are each remitting the same amount of money but much more frequently.How should the institution respond?",已一致,第五章.docx,24,24.在审查最近的活动时，一个货币兑换所的合规官表示，多个客户各自汇款相同金额，但频率更高。机构应如何应对?,解析内容已与中文版一致
英文版第五章.docx,27,27.Once a financial institution has reported suspicious transactions on a valued customer， it should cooperate with competent authorities by,已一致,第五章.docx,87,87.一旦金融机构报告了高价值客户的可疑交易，它应通过以下方式与主管当局合作,解析内容已与中文版一致
英文版第五章.docx,28,28.Which should be provided to the board of directors or designated specialized committee when reporting SARs/STRs?,已一致,第五章.docx,23,23.报告SARs/STR时，应向董事会或指定的专门委员会提供哪些信息?,解析内容已与中文版一致
英文版第五章.docx,29,29.A bank teller receives a written request from a police officer to review a previous customer's account on a pre- populated form with the officer's official letter head.The officer suspects the previous customer is engaging in smurfing. Which action should the bank teller perform?,已一致,第五章.docx,25,25.银行出纳员收到警官正式信函抬头的书面请求，要求在预制表格上审查前一位客户的账户信息。该警官怀疑前一位顾客在搞走私。银行出纳员应该执行哪些操作?,解析内容已与中文版一致
英文版第五章.docx,30,"30.(多选题)A local law enforcement officer, who is conducting a criminal investigation, requests information about a customer. Which two actions should the bank take? (Choose two.)",已一致,第五章.docx,26,26.(多选题)正在进行刑事调查的当地执法专员要求提供有关客户的资料。银行应该采取哪两种行动?(选择2个答案),解析内容已与中文版一致
英文版第五章.docx,31,31.An employee hears a colleague on the telephone with a customer giving advice on how to ensure that a suspicious transaction report will not be filed as a result of a future transaction. What action should the employee take?,已一致,第五章.docx,27,27.雇员在电话中听到一位同事就如何确保可疑交易报告将不作为未来交易来备案而提供咨询意见。员工应该采取什么行动?,解析内容已与中文版一致
英文版第五章.docx,32,"32.An immigrant residing in the United States opens a bank account that includes a debit card. Several months later, the transactional monitoring system identifies small deposits into the account followed by corresponding ATM withdrawals from a country bordering a conflict zone.How should the bank respond?",已一致,第五章.docx,28,28.居住在美国的移民开设一个包括借记卡的银行账户。几个月后，交易监测系统显示该账户中的小额存款，从一个与冲突地区接壤的国家的ATM取款机取款。银行应该如何回应?,解析内容已与中文版一致
英文版第五章.docx,33,"33.During a routine anti-money laundering investigation, it was found that some large wire transfers were deposited in a local garage. These wire transfers come from tax haven countries that lack anti-money laundering supervision. Investigators believe that these wire transfers have no legitimate business purpose and submit suspicious transaction reports. The owner of this repair shop is very popular in the community and is keen on charity. Who should the investigator report these situations to?",已一致,第五章.docx,29,29.在一个日常反洗钱调查审核中，发现一些大笔电汇存入当地一家汽车维修厂。这些电汇来自缺乏反洗钱监管的避税天堂国家。调查员认为这些电汇没有合法的商业目的并提交了可疑交易报告。这个维修厂的店主在社区很受欢迎并且热衷慈善。调查员应该向谁汇报这些情况?,解析内容已与中文版一致
英文版第五章.docx,34,"34.(多选题)What are two requirements with respect to supporting documentation that is used to identify potentially suspicious activity, according to Financial Action Task Force? (Choose two.)",已一致,第五章.docx,30,30.(多选题)根据金融特别行动工作组的要求，支持关于识别潜在可疑活动的文件的两项要求是什么?（选择两个）,解析内容已与中文版一致
英文版第五章.docx,35,"35.A bank compliance officer discovers cash deposit activity inconsistent with the expected and historical cash activity within the personal accounts of the chairman of the board. The cash activity appears structured to avoid the local legal filing requirements for large cash transactions, and a suspicious transaction report (STR) was filed.How should the compliance officer report the filing of the STR to the board of directors without revealing the existence of the filing to the subject?",已一致,第五章.docx,31,31.银行合规专员发现与董事会主席的个人账户中现金存款活动与预期和历史现金活动不一致。现金活动显示有似乎故意避免当地对于大额现金交易需要法律备案要求，并递交了一份可疑交易报告(STR)。合规专员应该如何在不泄露可疑交易报告(STR)的情况下向董事会报告?,解析内容已与中文版一致
英文版第五章.docx,36,36.What should a financial institution （FI）do in response to a formal law enforcement request to produce documents?,已一致,第五章.docx,86,86.金融机构（FI）应如何回应正式的执法要求提供文件?,解析内容已与中文版一致
英文版第五章.docx,37,37.(多选题)When should a financial institution (FI) exit a relationship? (Choose two.),已一致,第五章.docx,32,32.(多选题)金融机构（FI）应何时退出关系?（选择两个。）,解析内容已与中文版一致
英文版第五章.docx,38,"38.An institution has made the decision to exit a client relationship due to anti-money laundering concerns. Prior to starting the close out process, the institution receives a written request from a law enforcement agency to keep the account open. The client is the subject of an ongoing investigation and law enforcement wants the institution to continue to monitor the account and report any suspicious activity.What is a primary consideration the institution should keep in mind when deciding whether to agree to this request?",已一致,第五章.docx,33,33.由于反洗钱问题，一家机构决定退出客户关系。在开始关闭程序之前，该机构收到一个执法机构的书面请求，以保持账户的开放。该客户是正在进行调查的主体，执法部门希望该机构继续监测该账户并报告任何可疑活动。在决定是否同意这一要求时，机构应该考虑的主要因素是什么?,解析内容已与中文版一致
英文版第五章.docx,39,39.(多选题)What two steps should a financial institution take when accepting a law enforcement request to keep an account open that may be associated with suspicious or criminal activities? (Choose 2 answers),已一致,第五章.docx,1,1.(多选题)一个金融机构在接受一项执法要求以保持一个可能与可疑或犯罪活动相关联的账户开放时，应该采取哪两个步骤?(选择2个答案),解析内容已与中文版一致
英文版第五章.docx,40,40.What is true regarding disclosure to a law enforcement agency by a financial institution of the supporting documentation for a suspicious transaction report?,已一致,第五章.docx,35,35.下列哪项是金融机构向执法机构披露可疑交易报告相关支持性文件的正确做法?,解析内容已与中文版一致
英文版第五章.docx,41,"41.A law enforcement agency is reviewing a suspicious transaction report (STR) filed by a financial institution for suspicious activity on a client's account. Subsequently, the agency requests further information. Which supporting documentation might the law enforcement agency request from the institution to facilitate its investigation?",已一致,第五章.docx,36,36.执法机构正在审查金融机构提交的客户账户可疑活动可疑交易报告，随后，执法机构要求提供进一步资料。执法机构还可以要求金融机构提供什么支持性文件?,解析内容已与中文版一致
英文版第五章.docx,42,42.A law enforcement official calls a bank inquiring about a customer who is currently under investigation. The law enforcement official requests information about the customer.How should the bank respond?,已一致,第五章.docx,37,37.一家执法官员致电银行询问目前正在调查的客户信息。银行员工应如何回应?,解析内容已与中文版一致
英文版第五章.docx,43,"43.Client A is flagged for a high volume of outgoing transfers. Further investigation reveals Client A has a potentially key role in a network linked to human trafficking. After filing a suspicious activity report, what step should the investigator take next?",已一致,第五章.docx,34,34.客户A因大量转出汇款而被标记。进一步的调查显示，客户A在一个与人口贩运有关的网络中可能扮演着关键角色。在提交了可疑活动报告后，调查员接下来应该采取什么措施?,解析内容已与中文版一致
英文版第五章.docx,44,"44.A customer has held an account at a bank and has lived locally for over 25 years. Historically he has come into the bank monthly to deposit a $$1,500 retirement check from the company where he worked. He is well known at the bank and often brings the staff cookies. Over the past four months, he has come into the bank every Monday, Wednesday, and Thursday to make $$3,000 cash deposits into his account. A review of his account shows that an $8,500 check made out to cash clears his account each week. The bank has decided to file a suspicious transaction report (STR).What is the important fact to include in the STR?",已一致,第五章.docx,38,38.客户在银行开了一个账户，在当地住了25年多。从历史上看，他每月将他从曾工作公司获得的1500美元的退休金支票存入该银行。他在银行很有名，经常给职员带饼干。在过去的四个月里，他每星期一、星期三和星期四都到银行，在他的账户上存入3000美元的现金存款。对他的账户的审查显示，每周8500美元的支票兑现了他的账户，银行已经决定提交一份可疑交易报告(STR)。在STR中包含的重要事实是什么?,解析内容已与中文版一致
英文版第五章.docx,45,45.The Head of Compliance was informed by external auditors of a finding that indicates an element of AML policy failed to comply with the regulatory requirement. Which action should the Head of Compliance take next?,已一致,第五章.docx,83,83.外部审计师将一项调查结果告知合规部主管，该调查结果表明反洗钱政策的一个要素未能符合监管要求。合规部主管下一步应该采取哪些行动?,解析内容已与中文版一致
英文版第五章.docx,46,"46.A law enforcement agent is conducting an investigation into a possible money laundering event. During the investigation, the officer will use:",已一致,第五章.docx,39,39.执法机构正在对潜在的洗钱事件进行调查。在调查期间，该官员将使用:,解析内容已与中文版一致
英文版第五章.docx,47,47.The compliance department receives an internal referral that appears to indicate terrorist financing. What is the first step that should be taken in the investigation process?,已一致,第五章.docx,40,40.合规部门收到一份内部转介，似乎表明有资助恐怖主义的行为。在调查过程中，应该采取的第一步是什么?,解析内容已与中文版一致
英文版第五章.docx,48,48.(多选题)Law enforcement is confidentially investigating 20 individuals suspected of belonging to a criminal network allegedly involved in laundering tens of millions of euros for cybercriminals.Which actions need to be taken by the AML Specialist at a bank upon learning the alert? (Choose two.),已一致,第五章.docx,41,41.(多选题)执法部门正在秘密调查20名涉嫌属于一个犯罪网络的个人，据称他们参与了为网络犯罪分子洗钱的数千万欧元。银行的反洗钱专家在得知警报后需要采取哪些行动?(选择两项),解析内容已与中文版一致
英文版第五章.docx,49,"49.(多选题)A client opens a bank account for a multi-level marketing company. The debits and credits of the account are numerous and very involved. Further, there are a lot of international transactions. Also, funds are being funneled from the company to the client's personal account in another jurisdiction.Which two steps should law enforcement take in investigating this matter? (Choose two.)",已一致,第五章.docx,42,42.(多选题)一位客户在银行为一个多层营销公司开立了帐户，帐户的借贷项目多，相互关系大，而且有大量国际交易，此外，该帐户还向客户在其他司法管辖区的个人账户输送资金，执法部门在调查时应采取以下那2个措施?(选择两项),解析内容已与中文版一致
英文版第五章.docx,50,"50.(多选题)A bank is preparing for a regulatory exam after a previous regulatory exam identified weaknesses in its AML program. Since the last exam, the bank has:Improved its written AML program Hired an experienced AML compliance officer Demonstrated a stronger culture of compliance Focused on clearing its transaction monitoring case backlog and enhancing its sanctions screening program Which of the following are correct? （Choose TWO.）（1分）",已一致,第五章.docx,88,88.(多选题)一家银行正在为监管检查做准备，因为在上一次监管检查中发现了其AML（反洗钱）计划的缺陷。自上次检查以来，该银行已经:改进了书面AML计划，聘请了一位经验丰富的AML合规官，展现了更强的合规文化，专注于清理交易监控案例积压，并加强了制裁筛查计划。以下哪些选项是正确的?（选择两个）,解析内容已与中文版一致
英文版第五章.docx,51,"51.(多选题)A financial institution (FI) is being investigated for possible money laundering. When cooperating with law enforcement agencies, which additional steps should theFI ensure are taken? (Choose two.)",已一致,第五章.docx,43,43.(多选题)执法机构正在调查一家金融机构（FI）是否可能洗钱。金融机构在与执法机构合作时，应采取哪些额外步骤?（选择两个）,解析内容已与中文版一致
英文版第五章.docx,52,52.(多选题)The AML compliance officer of a financial institution (FI) has been advised that the institution is being investigated by the country's financial intelligence unit (FIU). What should the AML compliance officer do? (Choose two.),已一致,第五章.docx,44,44.(多选题)某金融机构（FI）的反洗钱合规官员被告知，该机构正被该国的金融情报机构（FIU）调查。该反洗钱合规官员应该怎么做?(请选择两项),解析内容已与中文版一致
英文版第五章.docx,53,53.A compliance officer at a financial institution (FI) received an investigation request for a customer from a local law enforcement agency. The compliance officer informs the senior management team. Which action should be taken by the FI?,已一致,第五章.docx,45,45.金融机构（FI）的合规官收到了当地执法机构对客户的调查请求。合规官通知高级管理团队。金融机构应采取哪些行动?,解析内容已与中文版一致
英文版第五章.docx,54,54.The board of directors receives notice from the primary regulator of the bank that potentially suspicious activity has been identified and the bank president appears to be involved. The Board asks the compliance officer for advice.Which action should the compliance officer take when informed?,已一致,第五章.docx,46,46.董事会收到了银行主要监管机构的通知，表明已发现潜在可疑活动，银行行长似乎也参与其中。董事会要求合规专员提供建议。合规专员在接到通知后应采取什么行动?,解析内容已与中文版一致
英文版第五章.docx,55,55.A law enforcement agency is conducting an investigation on a FI. How should the FI respond to the law enforcement agency's requests?,已一致,第五章.docx,47,47.一个执法机构正在对一个FI进行调查。FI应如何回应执法机构的要求?,解析内容已与中文版一致
英文版第五章.docx,56,56.Law enforcement submitted a request to a bank for information regarding one of its customers. How should the bank respond according to Financial Action Task Force Guidance?,已覆盖,第五章.docx,48,48.执法部门向银行提交了一份有关其客户信息的请求。银行应如何根据金融特别行动工作组的指导作出回应?,按题干、选项和答案确认对应后覆盖
英文版第五章.docx,57,57.A law enforcement agent calls a bank anti-money laundering investigator for supporting information about a suspicious transaction report that was filed the previous month.How should the investigator respond?,已一致,第五章.docx,49,49.一家执法代理致电银行反洗钱调查员要求提供有关上个月提交的可疑交易报告的信息。调查人员应如何回应?,解析内容已与中文版一致
英文版第五章.docx,58,58.Law enforcement is conducting an investigation of a FI and has submitted an overly broad and unduly intrusive request.Which is a FIs most appropriate response?,已一致,第五章.docx,50,50.执法部门正在对一个金融机构进行调查，并提出了一个过于宽泛和不适当的干涉性要求。金融机构最适当的反应是什么?,解析内容已与中文版一致
英文版第五章.docx,59,59.An internal investigation log is primarily intended to:,已一致,第五章.docx,112,112.,解析内容已与中文版一致
英文版第五章.docx,60,60.(多选题)Which two factors assist a money laundering investigation that involves multiple countries? (Choose two.),已一致,第五章.docx,51,51.(多选题)下列哪两个因素协助涉及多个国家的反洗钱调查工作?（选2个答案）,解析内容已与中文版一致
英文版第五章.docx,61,61.It is suggested that FI should respond to the requirements of law enforcement agencies by:,已一致,第五章.docx,52,52.建议FI对执法机构的要求作出回应的方式是:,解析内容已与中文版一致
英文版第五章.docx,62,"62.When financial institutions respond to formal criminal investigations by law enforcement agencies, what is the main purpose of requiring all information to be centralized through a unified channel?",已一致,第五章.docx,91,91.当金融机构在回应执法机关的正式刑事调查时，要求所有资讯应集中经由统一管道出入的主要目的为何?,解析内容已与中文版一致
英文版第五章.docx,63,63.(多选题)What three ways are suggested to respond to the investigation by law enforcement agencies?,已一致,第五章.docx,92,92.(多选题)建议采取哪三种方式来应对执法机关调查?,解析内容已与中文版一致
英文版第五章.docx,64,64.Which location provides a law enforcement investigator the best opportunity for a productive investigative interview of a suspect?,已一致,第五章.docx,53,53.下列哪一个地点为执法人员提供了一个对嫌疑犯进行富有成效的调查采访的最佳机会?,解析内容已与中文版一致
英文版第五章.docx,65,"65.If they don't have enough control mechanism to identify and reduce high-risk activities, what kind of financial crime risks may they face?",已一致,第五章.docx,93,93.若他们没有足够之管控机制来识别和降低高风险活动，则可能面临何种金融犯罪风险?,解析内容已与中文版一致
英文版第五章.docx,66,66.(多选题)Which of the below statements are supported by the Financial Action Task Force （FATF）40 Recommendations adopted in 2012?（Choose Two.),已一致,第五章.docx,95,95.(多选题)以下哪些陈述符合2012年通过的《金融行动特别工作组（FATF）40项建议》?（请选择两个）,解析内容已与中文版一致
英文版第五章.docx,67,"67.According to the Financial Action Task Force, financial institutions should be required to implement:",已一致,第五章.docx,61,61.根据金融行动特别工作组的意见，应要求金融机构执行:,解析内容已与中文版一致
英文版第五章.docx,68,68.(多选题)Which three measures are contained in Financial Action Task Force 40 Recommendations for reporting suspicious activity? (Choose three.),已一致,第五章.docx,57,57.(多选题)FATF40项建议中提到的报告可疑行为的方法包括:请选择三个答案。,解析内容已与中文版一致
英文版第五章.docx,69,69.FATF recommends the incorporation of some measures in customer due diligence (CDD) programs including:,已一致,第五章.docx,55,55.金融行动特别工作组(FATF)建议在客户尽职调查（CDD）计划中纳入一些措施，包括:,解析内容已与中文版一致
英文版第五章.docx,70,"70.An incoming urgent international wire transfer in U.S. dollars has been identified by the sanctions screening team. The transaction is a large rounded amount and the name of the beneficiary is `North Korean Cigars Company` with an address in an industrial zone in Tianjin, China.Which action should the sanctions team take?",已一致,第五章.docx,58,"58.制裁甄别小组确认了一笔国际紧急美元电汇，该交易金额巨大，是给一家位于中国天津工业区，收益方名叫""朝鲜烟草公司""。制裁甄别小组应该采取哪些下列行动?",解析内容已与中文版一致
英文版第五章.docx,71,71.Which action should financial institutions with cross border correspondent banking activity be required to perform according to the Financial Action Task Force 40 Recommendations?,已一致,第五章.docx,59,59.根据FATF40项建议，下列哪一项是具有跨境代理银行业务的金融机构要求做到的?,解析内容已与中文版一致
英文版第五章.docx,72,72.Which statement is true regarding the FATF standards for SARs/STRs information sharing within a financial group?,已一致,第五章.docx,56,56.关于金融集团内SARs/STRs信息共享的FATF标准，哪一项陈述是正确的?,解析内容已与中文版一致
英文版第五章.docx,73,73.Which type of sanctions are most likely to be used in order to avoid escalating violent conflicts and/or proliferation of weapons?,已一致,第五章.docx,54,54.为了避免暴力冲突升级和/或武器扩散，最有可能使用哪种制裁?,解析内容已与中文版一致
英文版第五章.docx,74,74.(多选题)Which two mechanisms should be implemented to assist with cross-border money laundering investigations? (Choose two.),已一致,第五章.docx,60,60.(多选题)应采取哪两种机制协助跨境洗钱调查?(选择2个答案),解析内容已与中文版一致
英文版第五章.docx,75,75.(多选题)How can awareness be raised within countries that do not have sanctions regulatory regimes?（Choose Two）,已一致,第五章.docx,97,97.(多选题)在没有制裁监管体系的国家，如何提高对制裁的认知?（请选择两个选项）,解析内容已与中文版一致
英文版第五章.docx,76,76.Which of the following is the definition of Mutual Legal Assistance Treaty?,已一致,第五章.docx,108,108.下列哪一项是司法互助协定(Mutual Legal Assistance Treaty)的定义?,解析内容已与中文版一致
英文版第五章.docx,77,77.A legal instrument that is executed between two nations and governs cross-border information sharing is known as a:,已一致,第五章.docx,98,98.两个国家之间签署的法律文件，用于规范跨境信息共享，被称为:,解析内容已与中文版一致
英文版第五章.docx,78,78.Country A's anti-corruption authority has been investigating the movement of potential proceeds of bribery and corruption to Country B and is now preparing to take the case to a local court Which method of obtaining the required evidence to prosecute the case would be most effective?[1分],已一致,第五章.docx,99,99.A国的反腐机构一直在调查涉嫌贿赂和腐败的资金流向B国，并准备将案件提交至当地法院起诉。以下哪种方法最有效地获取所需证据来起诉该案件?,解析内容已与中文版一致
英文版第五章.docx,79,79.Which is the first valid step in the Mutual Legal Assistance Treaties (MLAT) international cooperation process?,已一致,第五章.docx,62,62.司法互助协定国际合作进程的第一个有效步骤是什么?,解析内容已与中文版一致
英文版第五章.docx,80,80.Which type of formal agreement occurs between countries that wish to aid each other in the investigation and enforcement of criminal laws?,已一致,第五章.docx,63,63.哪种类型的正式协议发生在希望在调查和执行刑事法律方面相互援助的国家之间?,解析内容已与中文版一致
英文版第五章.docx,81,81.(多选题)Which are characteristics of Mutual Legal Assistance Treaties (MLAT)? (Choose three.),已一致,第五章.docx,64,64.(多选题)哪些是法律互助条约（MLAT）的特点?(选择三个),解析内容已与中文版一致
英文版第五章.docx,82,82.What best explains the purpose of the Egmont Alliance?,已一致,第五章.docx,103,103.何者最能解释艾格蒙联盟之宗旨?,解析内容已与中文版一致
英文版第五章.docx,83,"83.(多选题)Suzy is the compliance supervisor for the prevention and control of money laundering in a large financial institution, and the board of directors asked her to try to ensure the confidentiality of the suspicious transaction report submitted by the institution. Which three things should she consider?",已一致,第五章.docx,100,100.(多选题)Suzy是一家大型金融机构的防制洗钱法规遵循主管，董事会要求她设法保证该机构报送的可疑交易报告的机密性。她应考虑下列哪三件事?,解析内容已与中文版一致
英文版第五章.docx,84,84.A bank received a subpoena regarding one of its clients. The Financial Intelligence Unit（FIU）of the bank should review the subpoena and:,已一致,第五章.docx,109,109.银行收到了一份关于某客户的传票。银行的金融情报部门,解析内容已与中文版一致
英文版第五章.docx,85,85.Which statement regarding data privacy in AML investigations is the most accurate?,已一致,第五章.docx,101,101.关于反洗钱（AML）调查中的数据隐私，以下哪项陈述最准确?,解析内容已与中文版一致
英文版第五章.docx,86,86.(多选题)What are the roles of a government FinanciaI Intelligence Unit（FIU）?（Choose Three.）,已一致,第五章.docx,102,102.(多选题)政府的金融情报单位（FIU）的职责包括哪些?（请选择三个）,解析内容已与中文版一致
英文版第五章.docx,87,87.Which of the following is a core function of a Financial Intelligence Unit（FIU）as described in FATF Recommendation 29?,已一致,第五章.docx,104,104.根据FATF第29条建议，金融情报单位（FIU）的核心职能是什么?,解析内容已与中文版一致
英文版第五章.docx,88,88.(多选题)Which statements relate to the role of financial intelligence units （FIUs）in combatting financial crime on a national and international level?（Choose Three.）,已一致,第五章.docx,105,105.(多选题)哪些陈述涉及金融情报机构在国家和国际层面打击金融犯罪方面的作用?（选择三个）,解析内容已与中文版一致
英文版第五章.docx,89,89.The anti-money laundering specialist of a small bank has identified suspicious activity at a branch located in an area of town where drug dealers are known to operate. An investigation of this activity discloses that the suspicious transactions occurred within the last 3 months and were processed by the same teller（cashier）. The teller （cashier） did not file an internal report of unusual activity on these transactions. When checking personnel files. The specialist finds that the teller（cashier）has been a trusted employee for over 15 years， has animpeccable work record， and has participated in several anti-money laundering training sessions. The specialist recently became aware that the employee＇s daughter has contracted a rare disease and is undergoing a very expensive treatment program. Regarding the teller＇s （cashier＇s） failure to report the unusual activity to the institution，the specialist should recommend,已一致,第五章.docx,106,106.一家小银行的反洗钱专家发现，位于已知有毒贩活动的城镇地区的一家分行存在可疑活动。对这一活动的调查显示，可疑交易发生在过去3个月内，由同一出纳员（柜员）处理。出纳员没有就这些交易的异常活动提交内部报告。在检查人员档案时，专家发现出纳员作为一名受信任的员工已经超过15年，工作记录无可挑剔，并参加了多次反洗钱培训课程。这位专家最近意识到，这位员工的女儿患了一种罕见的疾病，正在接受非常昂贵的治疗计划。关于出纳未能向机构报告异常活动，专家应建议,解析内容已与中文版一致
英文版第五章.docx,90,90.What national agency is responsible for analyzing and assessing the information it receives to substantiate possible existence of money laundering or terrorist financing activities?,已一致,第五章.docx,65,65.哪个国家机构负责分析和评估其收到的信息，以证实可能存在洗钱或资助恐怖主义活动?,解析内容已与中文版一致
英文版第五章.docx,91,"91.Under the Egmont Group Principles, information exchange among Financial Intelligence Units (FIUs) is conducted:",已一致,第五章.docx,66,66.根据埃格蒙特集团原则，金融情报机构之间的信息交流是:,解析内容已与中文版一致
英文版第五章.docx,92,92.What type of information is received by government Financial Intelligence Units (FIUs)?,已一致,第五章.docx,67,67.政府金融情报机构（FIU）会收到什么类型的信息?,解析内容已与中文版一致
英文版第五章.docx,93,"93.According to the recommendations of the Financial Action Task Force, what role does a country's financial intelligence unit play in preventing money laundering?",已一致,第五章.docx,68,68.根据金融行动特别工作组的建议，一个国家的金融情报机构在防范洗钱方面发挥什么作用?,解析内容已与中文版一致
英文版第五章.docx,94,94.Which regulatory agencies cooperate in handling cross-border suspicious or abnormal financial activities investigations?,已一致,第五章.docx,69,69.哪些监管机构在处理跨境可疑或异常金融活动调查时进行合作?,解析内容已与中文版一致
英文版第五章.docx,95,95.Which safeguard is in place for Financial Intelligence Units (FIUs) to share information securely according to Egmont?,已一致,第五章.docx,70,70.根据埃格蒙特的说法，金融情报机构（FIU）安全共享信息的保障措施是什么?,解析内容已与中文版一致
英文版第五章.docx,96,96.Financial Intelligence Units (FIUs) are responsible for:,已一致,第五章.docx,71,71.金融情报机构负责:,解析内容已与中文版一致
英文版第五章.docx,97,97.What are the three basic functions of a national financial intelligence unit?,已一致,第五章.docx,72,72.国家金融情报机构的三个基本职能是什么?,解析内容已与中文版一致
英文版第五章.docx,98,98.(多选题)Which two actions should Financial Intelligence Units (FIUs) take when submitting a request to another FIU? (Choose two.),已一致,第五章.docx,73,73.(多选题)金融情报机构在向另一个金融情报机构提交申请时，应该有哪两个行动发生?(选择2个答案),解析内容已与中文版一致
英文版第五章.docx,99,"99.According to recommendations from the FATF, what role does a country's Financial Intelligence Unit (FIU) play in safeguarding against money laundering?",已一致,第五章.docx,74,74.根据金融行动特别工作组(FATF)的建议，一个国家的金融情报机构在防止洗钱方面发挥什么作用?,解析内容已与中文版一致
英文版第五章.docx,100,100.What are the core functions of the financial intelligence unit?,已一致,第五章.docx,111,111.金融情报机构的核心职能是什么？,解析内容已与中文版一致
英文版第五章.docx,101,101.(多选题)Which two channels can be utilized during a cross-border money laundering investigation to assist in gathering information according to Financial Action Task Force? (Choose two.),已一致,第五章.docx,75,75.(多选题)根据金融特别行动工作组，在跨境洗钱调查中可以利用哪两个渠道协助收集信息?,解析内容已与中文版一致
英文版第五章.docx,102,"102.A large international bank has detected potentially suspicious activity in one of its customer accounts. Following an investigation, the bank has determined the activity to be typical of suspected money laundering.To which entity should this activity be reported on a suspicious transaction report according to Financial Action Task Force?",已一致,第五章.docx,76,76.一家大型国际银行在其一个客户账户中发现了潜在的可疑活动。经调查，该银行已确定这项活动是典型的涉嫌洗钱活动。根据金融特别行动工作组，这一活动应向哪一个实体报告可疑交易报告?,解析内容已与中文版一致
英文版第五章.docx,103,103.(多选题)In which two ways does a government Financial Intelligence Unit interact with public and private sectors? (Choose two.),已一致,第五章.docx,77,77.(多选题)金融情报机构通过以下那两种方式与公共部门和私营机构互动?（选择两项）,解析内容已与中文版一致
英文版第五章.docx,104,104.What is a primary responsibility of a FIU?,已一致,第五章.docx,78,78.什么是金融情报机构的主要责任?,解析内容已与中文版一致
英文版第五章.docx,105,"105.After receiving a report of suspicious activity regarding a specific customer account, the relevant law enforcement agency requested permission to interview bank personnel familiar with the basic transactions. What actions should the compliance officer take?",已一致,第三章.docx,185,185.在收到关于客户账户的可疑活动报告后，相关执法机构要求允许采访熟悉基本交易的银行员工。合规官应采取哪些措施？,解析内容已与中文版一致
英文版第五章.docx,106,106.According to the Financial Action Task Force methodology， which situations would require a financial institution（FI） to consider filing a suspicious activity report？,已一致,第五章.docx,84,84.根据金融行动特别工作组的方法，哪些情况需要金融机构考虑提交可疑活动报告?,解析内容已与中文版一致
英文版第五章.docx,107,"107.(多选题)According to FinCEN, when a financial institution (FI) discovers suspicious activities and needs to submit a suspicious activity report (SAR), which of the following statements is correct about Supporting Documentation of SAR? (Please select two)",已一致,第五章.docx,113,113.(多选题)根据FinCEN(美国金融犯罪执法网络)的规定，当一家金融机构(FI)发现可疑活动并需提交可疑活动报告(SAR)时，以下哪些说法关于 SAR 的支持文件(Supporting Documentation)是正确的?(请选择两个),解析内容已与中文版一致
英文版第五章.docx,108,108.(多选题)What are the main responsibilities of a country's financial intelligence unit (FIU)? (Please select two),已一致,第五章.docx,114,114.(多选题)一个国家的金融情报单位(FIU)的主要职责包括哪些?(请选择两个),解析内容已与中文版一致
英文版第五章.docx,109,109.A bank received a subpoena regarding one of its clients. The financial intelligence unit of the bank should review the subpoena and:,已一致,第五章.docx,19,19.一家银行收到了关于其一名客户的传票。银行的金融情报部门应审查传票，并:,解析内容已与中文版一致
英文版第五章.docx,110,110.What is the most appropriate practice when determining the timeframe for submitting a suspicious activity report (SAR) to the local financial intelligence unit (FIU)?,已一致,第五章.docx,82,82.在确定提交可疑活动报告（SAR）给当地金融情报单位（FIU）的时间框架时，以下哪种做法最合适?,解析内容已与中文版一致
英文版第五章.docx,111,111.The Head of Compliance was informed by external auditors of a finding that indicates an element of AML policy failed to comply with the regulatory requirement. Which action should the Head of Compliance take next?,已一致,第五章.docx,83,83.外部审计师将一项调查结果告知合规部主管，该调查结果表明反洗钱政策的一个要素未能符合监管要求。合规部主管下一步应该采取哪些行动?,解析内容已与中文版一致
英文版第六章.docx,1,1.Which red flag is most relevant to money laundering through capital markets?,已一致,第二章.docx,100,100.以下哪种可疑迹象最符合资本市场中的洗钱活动?,解析内容已与中文版一致
英文版第六章.docx,2,2.(多选题)Under which two circumstances may law enforcement be given access to a financial institution customer's financial records? (Choose two.),已一致,第六章.docx,2,2.(多选题)在哪两种情况下，执法部门可以访问金融机构客户的财务记录?（选两个）,解析内容已与中文版一致
英文版第六章.docx,3,3.(多选题)How should law enforcement obtain documentation from an institution when suspicious activity was identified? (Choose two.),已一致,第六章.docx,1,1.(多选题)当发现可疑活动时，执法部门应如何从机构获取文件?（选择两个）,解析内容已与中文版一致
英文版第六章.docx,4,4.What is a key objective of the Egmont Group?,已一致,第六章.docx,3,3.埃格蒙特集团的主要目标是什么?,解析内容已与中文版一致
英文版第六章.docx,5,"5.(多选题)A potential client walks into an accounting firm and wants to set up a company. After the meeting, the accountant felt very uncomfortable. What two opinions of accountants need to be reported to the compliance officer?",已一致,第六章.docx,4,4.(多选题)一个潜在的客户走进一家会计师事务所，想成立一家公司。会见结束后，会计师感到很不舒服。会计师的哪两项意见需要上报给合规官员?,解析内容已与中文版一致
英文版第六章.docx,6,6.What is a key risk associated with Correspondent Accounts according to the Basel Customer Due Diligence paper?,已覆盖,第六章.docx,6,6.根据巴塞尔委员会发布的<<银行客户尽职调查白皮书>>代理账户的主要风险是?,按题干、选项和答案确认对应后覆盖
英文版第六章.docx,7,7.What is an example of a legal risk a financial institution (FI) could face if it is sanctioned for failure to report suspected fraud activity?,已一致,第六章.docx,5,5.如果金融机构（FI）因未报告可疑欺诈活动而受到制裁，其可能面临的法律风险是什么?,解析内容已与中文版一致
英文版第六章.docx,8,"8.The compliance officer for a bank is reviewing on-boarding documents for a new business account for a domestic corporation. The officer is unable to verify the identity of the beneficial owners of the company. Only information on the nominee owners was provided, and none of the listed addresses are local. The purpose of the business and future expected activity was disclosed to include cash letters, money orders and international remittance transfers.Which red flag identifies a heightened money laundering risk?",已一致,第六章.docx,7,7.一家银行的合规负责人在审查一家本地企业开立银行账户的资料时发现无法找到公司实际控制人的身份信息。资料中只提供了名义控制人的信息，而且提供的地址都不是本地的。企业经营目的和未来计划中包括要使用现金转运单、汇款单和国际汇款。下列哪一项描述加剧洗钱风险?,解析内容已与中文版一致
英文版第六章.docx,9,"9.A Money Laundering Reporting Officer (MLRO) was aware that a strategically important client of the bank was sending money to human traffickers. However, theMLRO did not report the activity to law enforcement or move to exit the relationship. What is the legal term for the activity the MLRO engaged in?",已一致,第六章.docx,9,9.一名洗钱报告官（MLRO）意识到该银行的一个具有战略重要性的客户正在向人口贩运者汇款。然而反洗钱报告员没有向执法部门报告该活动，也没有采取退出关系的行动。反洗钱报告员从事的活动的法律术语是什么?,解析内容已与中文版一致
英文版第六章.docx,10,10.An analyst reviewing trade finance transactions notices an increase in price of 25% over 12 months for commodities with the same specification and quantity.Which action should the analyst take?,已一致,第六章.docx,10,10.审查贸易融资交易的分析师注意到，在12个月内，相同规格和数量的商品价格上涨了25%。分析师应该采取什么行动?,解析内容已与中文版一致
英文版第六章.docx,11,11.(多选题)Which three criteria does a shell bank meet according to the Wolfsberg Principles on Correspondent Banking?（Choose Three）,已一致,第六章.docx,15,15.(多选题)(多选题) 根据沃尔夫斯堡代理银行原则，空壳银行符合哪三个标准?（选择三个）,解析内容已与中文版一致
英文版第六章.docx,12,12.A customer has held an account at a local credit institution for 10 years. The account has received deposits twice weekly for the same amount and has never shown signs of suspect behavior. Monitoring software indicated that in the past few months the account has received several large deposits that were not in line with the account history. When asked， the customer states she recently sold a piece of property，which is supported with a proof of sale. Which of the following should the compliance officer do next?,已一致,第六章.docx,11,11.一名客户在当地信用机构开立了一个账户10年。该账户每周收到两次相同金额的存款，从未出现可疑行为迹象。监控软件显示，在过去几个月内，该账户收到了几笔与账户历史记录不符的大额存款。当客户表示，她最近出售了一处房产，并附有出售证明。合规官下一步该怎么办?,解析内容已与中文版一致
英文版第六章.docx,13,"13.(多选题)According to FinCEN, which red flags within a bank account may, taken together, be indications of modern slavery, human trafficking, and exploitation? （Choose Two.）",已一致,第六章.docx,12,12.(多选题)根据美国金融犯罪执法网络（FinCEN）的指导，银行账户中的哪些可疑迹象，如果同时出现，可能表明涉及现代奴役、人口贩运和刹削?（请选择两个）,解析内容已与中文版一致
英文版第六章.docx,14,14.The manager of a bank's KYC team discovers that a high-risk customer's activity was not reviewed last quarter as required by the bank's internal compliance schedule. What should the KYC team manager do?,已一致,第六章.docx,13,13.银行KYC团队的经理发现，一名高风险客户的活动在上个季度未按照银行内部合规计划进行审核KYC团队经理应该怎么做?,解析内容已与中文版一致
英文版第六章.docx,15,"15.Which of the following best describes the ""alternative remittance system""?",已一致,第六章.docx,14,"14.下列哪一项是""替代性汇款体系""的最佳描述",解析内容已与中文版一致
英文版第六章.docx,16,16.What are the objectives of the Financial Action Task Force and its equivalent regional bodies (FSRBs)?,已一致,第六章.docx,8,8.,解析内容已与中文版一致
英文版第四章.docx,1,1.The product department of an insurance company proposes launching a special life insurance product with investment elements that allow clients to instruct payments to unknown third parties via partner financial institutions. The product department seeks fast-track approval from compliance to ensure quick market launch. What is the best course of action from a compliance perspective?,已一致,第四章.docx,132,132.一家保险公司的产品部门提议推出一款特殊的人寿保险产品，该产品包含投资元素，并允许客户通过合作金融机构指示付款给未知的第三方。产品部门希望合规部门能快速批准，以确保产品尽快上市。从合规的角度来看，最好的做法是什么?,解析内容已与中文版一致
英文版第四章.docx,2,2.Financial institutions (FIs) perform AML risk assessments to ensure:,已一致,第四章.docx,1,1.金融机构（FIs）进行反洗钱风险评估，以确保:,解析内容已与中文版一致
英文版第四章.docx,3,3.Which is a key reason why a financial institution (FI) conducts an enterprise-wide AML risk assessment?,已一致,第四章.docx,2,2.金融机构（FI）进行集团范围的反洗钱风险评估的关键原因是什么?,解析内容已与中文版一致
英文版第四章.docx,4,4.(多选题)Typical events to identify and investigate potential AML activities include: (Choose three.),已一致,第四章.docx,3,3.(多选题)识别和调查潜在的反洗钱活动的典型事件包括:(选择三个),解析内容已与中文版一致
英文版第四章.docx,5,5.(多选题)Which risks are involved in a correspondent banking client's ownership and management structure? (Choose two.),已一致,第四章.docx,4,4.(多选题)代理银行客户的所有权和管理结构中涉及哪些风险?(选择两个。),解析内容已与中文版一致
英文版第四章.docx,6,6.(多选题)Which changes at a financial institution（FI）should trigger an enterprise-wide reassessment of its inherent AML risk exposure?（Choose Three.）,已一致,第四章.docx,133,133.(多选题)【2025真题】金融机构（FI）发生哪些变化时，应重新评估其固有的反洗钱（AML）风险暴露?（请选择三个）,解析内容已与中文版一致
英文版第四章.docx,7,7.(多选题)Which factors should lead to a reassessment of the current AML program?（Choose two.）,已一致,第四章.docx,134,134.(多选题)哪些因素应该导致对当前AML计划的重新评估?（选择两个）,解析内容已与中文版一致
英文版第四章.docx,8,8.A financial institution (FI) has decided to revamp its compliance program to be more risk-based. Which option should the FI use as part of the new risk-based compliance program?,已一致,第四章.docx,5,5.一家金融机构(FI)已决定修改其合规计划，使其更加以风险为导向。作为新的基于风险的合规计划的一部分，FI应使用哪种选项?,解析内容已与中文版一致
英文版第四章.docx,9,9.One example of an external factor that will affect an organization's AML risk includes:,已一致,第四章.docx,6,6.影响机构反洗钱风险的外部因素包括:,解析内容已与中文版一致
英文版第四章.docx,10,10.A retail bank prepares a yearly AML risk assessment. Which inherent risk factor is likely the most relevant?,已一致,第四章.docx,8,8.一家零售银行准备了一份年度反洗钱风险评估。哪个内在的风险因素可能是最相关的?,解析内容已与中文版一致
英文版第四章.docx,11,11.A comprehensive set of risk-based guidelines for maintaining business relationships is being developed.Which situation indicates that the institution should terminate the relationship with a client?,已一致,第四章.docx,7,7.正在开发一套全面的以风险为基础的维护业务关系的准则。哪种情况表明，该机构应终止与客户的关系?,解析内容已与中文版一致
英文版第四章.docx,12,"12.A bank located in New York has identified suspicious transactions at a correspondent bank in China. For one of the international customers, the correspondent bank is not following agreed upon protocols.Which factor indicates that the bank should terminate the relationship?",已一致,第四章.docx,9,9.位于纽约的一家银行已在中国的一家代理银行发现了可疑交易。对于其中一个国际客户，代理行未遵守约定的协议。哪一个因素表明银行应该终止关系?,解析内容已与中文版一致
英文版第四章.docx,13,13.A compliance officer at a large financial institution has been tasked by senior management to lead a team in an internal review and potential revision of the institution's customer onboarding program following a regulatory enforcement action of another institution.Which step should the compliance officer perform first?,已一致,第四章.docx,10,10.一家大型金融机构的合规专员接受了一项高级管理人员委派的任务，领导一个团队进行内部审核并且在另一个机构被监管机构进行强制措施后考虑对客户加入项目的修改。合规专员应该先进行哪一步?,解析内容已与中文版一致
英文版第四章.docx,14,14.(多选题)Which situations would require a financial institution (FI) to update its ML/TF risk assessment? (Choose two.),已一致,第四章.docx,11,11.(多选题)哪些情况需要金融机构（FI）更新其ML/TF风险评估?（选择两个）,解析内容已与中文版一致
英文版第四章.docx,15,"15.After review of the financial institution's enterprise-wide anti-money laundering risk assessment, the new compliance officer identifies several deficiencies that need attention.Which deficiency could lead to the highest potential for unmitigated risk?",已一致,第四章.docx,12,12.在审核了金融机构反洗钱风险评估后，新的合规专员发现一些值得关注的缺陷。哪个缺陷可能导致高风险?,解析内容已与中文版一致
英文版第四章.docx,16,16.When will the Compliance Officer restart the risk assessment?,已一致,第四章.docx,13,13.合规专员什么时候要重启风险评估?,解析内容已与中文版一致
英文版第四章.docx,17,"17.A new compliance officer is reviewing the bank's anti- money laundering program and notices that the risk assessment was completed six months ago. Since that time, the bank acquired another financial institution, re-named the internal records group, and streamlined cash handling procedures. Which factor causes the compliance officer to update the bank's risk assessment?",已一致,第四章.docx,14,14.一位新的合规专员正在审查该银行的反洗钱计划，并注意到风险评估已于六个月前完成。从那时起，银行又收购了另一家金融机构，重新命名了内部记录组，并简化了现金处理程序。哪些因素导致合规专员更新银行的风险评估?,解析内容已与中文版一致
英文版第四章.docx,18,18.(多选题)An AML analyst at a bank is investigating cases triggered by transaction monitoring alerts. Which circumstances might cause the analyst to suspect a case involves terrorist financing?（Choose Two.）,已一致,第四章.docx,135,135.(多选题)一家银行的反洗钱（AML）分析师正在调查由交易监控警报触发的案件。以下哪些情况可能导致分析师怀疑该案件涉及恐怖主义融资?（请选择两个）,解析内容已与中文版一致
英文版第四章.docx,19,19.(多选题)An anti-money laundering specialist at a financial institution has received a legal request to provide all transaction records for a specific individual since 2004. Which of the following items should be delivered?（Choose three）,已一致,第四章.docx,136,136.(多选题)某金融机构的反洗钱专家收到了一项法律要求，要求他提供自2004年以来某个特定个人的所有交易记录。应提供以下哪些信息?（选择三个）,解析内容已与中文版一致
英文版第四章.docx,20,20.Which transaction monitoring processes would alert a bank for red flag activity?,已一致,第四章.docx,15,15.哪些交易监控程序会对银行的红旗标志活动发出警报?,解析内容已与中文版一致
英文版第四章.docx,21,21.A customer runs an export business for agricultural products. There has been steady growth over the years from sales to the Caribbean region. As udden increase is noted in this customer＇s account balances during the last month. On what grounds should an anti-money launderingspecialist prepare a suspicious transaction report?,已一致,第四章.docx,137,137.客户经营农产品出口业务。多年来，从对加勒比地区的销售一直稳步增长。上个月，该客户的账户余额突然增加。反洗钱专家应根据什么理由撰写可疑交易报告?,解析内容已与中文版一致
英文版第四章.docx,22,"22.(多选题)When performing a risk assessment, which factors should be considered when identifying and measuring risk? (Choose two.)",已一致,第四章.docx,16,16.(多选题)进行风险评估时，识别和衡量风险时应考虑哪些因素?（选择两个。）,解析内容已与中文版一致
英文版第四章.docx,23,23.What correspondent banking risk factor increases the risk for a Correspondent Bank?,已一致,第四章.docx,17,17.什么风险因素会增加代理银行的风险?,解析内容已与中文版一致
英文版第四章.docx,24,"24.(多选题)A compliance officer is tasked with implementing an enterprise-wide anti-money laundering program for a bank, which operates in multiple countries. Not all the bank products and services are available in all countries.Which three factors should be considered as part of the approach? (Choose three.)",已一致,第四章.docx,18,18.(多选题)一名合规专员接受一个为在多个国家开展业务的一家银行实施一个针对全银行系统的反洗钱项目的任务。并非巴塞尔产品和服务都在当地有所有的银行产品和服务。作为该方法的一部分应该考虑哪三个因素?(选择3个答案),解析内容已与中文版一致
英文版第四章.docx,25,25.(多选题)An institution is about to release a new peer to peer (P2P) funds transfer product to provide much needed remittance services to an under-banked population segment in the country. The service allows customers to transfer funds through a mobile banking application to individuals worldwide entering only a name and mobile number. The new service charges less than comparable market solutions and offers real time transfer of funds. The customer onboarding process is conducted at branch locations with identity verification.Which three present the highest anti-money laundering or sanctions risk and will require controls prior to launch? (Choose three.),已一致,第四章.docx,19,19.(多选题)一个机构即将推出一种新的点对点(P2P)资金转移产品，为在该国银行信贷不足的群体提供急需的汇款服务。该服务允许客户通过移动银行应用程序向全球个人转账，只需输入姓名和手机号码即可。新服务收费低于同类市场解决方案，并提供实时资金转移。客户的注册登录过程是在机构网点通过身份验证进行。以下哪三项体现了最高的反洗钱和制裁风险，并且需要在P2P开展时进行控制?(选择3个答案),解析内容已与中文版一致
英文版第四章.docx,26,26.A compliance officer learns from an Information Technology (IT) source of a potential new financial service being discussed by the new product approval committee.What is the correct next course of action?,已一致,第四章.docx,20,20.合规官从新金融服务的信息技术（IT）来源处了解到新产品批准委员会正在讨论新的金融服务。正确的下一步行动是什么?,解析内容已与中文版一致
英文版第四章.docx,27,27.An existing customer has changed its business scope and jurisdictions it deals with. Which are the steps the bank needs to take to manage sanctions compliance risk for this customer?,已一致,第四章.docx,21,21.一个现有的客户已经改变了其业务范围和交易的司法管辖区。银行需要采取哪些措施来管理该客户的制裁合规风险?,解析内容已与中文版一致
英文版第四章.docx,28,"28.To understand if the customer operates in line with the firm's risk appetite for a specific industry segment, a financial institution (FI) must:",已一致,第四章.docx,22,22.为了了解客户是否按照公司对特定行业部门的风险偏好运营，金融机构（FI）必须:,解析内容已与中文版一致
英文版第四章.docx,29,"29.When drafting a money laundering prevention policy, which of the following internal institutions must approve the policy?",已一致,第四章.docx,139,139.在起草防制洗钱政策时，下列哪一个内部机构必须批准该政策?,解析内容已与中文版一致
英文版第四章.docx,30,30.An anti-money laundering specialist is concerned that several suspicious transaction reports will discuss potential illegal activity of bank employees. In this situation， which of the following is the immediate concern for the institution?,已一致,第四章.docx,140,140.一位反洗钱专家担心，几份可疑交易报告将讨论银行员工的潜在非法活动。在这种情况下，以下哪一项是该机构最关心的问题?,解析内容已与中文版一致
英文版第四章.docx,31,31.(多选题)Which steps should a financial institution (FI) take after receiving a request from law enforcement to keep an account open due to a criminal investigation?(Choose three.),已一致,第四章.docx,23,23.(多选题)金融机构（FI）在收到执法部门因刑事调查而要求开立账户后应采取哪些步骤?（选择三个）,解析内容已与中文版一致
英文版第四章.docx,32,"32.Since its last regulatory examination, a financial institution has aggressively grown by adding profitable new products and services. The institution has not historically received regulatory criticism regarding its anti-money laundering compliance program. However, a recent regulatory examination cited significant deficiencies in the anti-money laundering programthat were attributed primarily to the lack of oversight by the institution's leadership in implementing adequate controls over the new products and services.Which area of international control should leadership first address to correct the weaknesses in the program?",已一致,第四章.docx,24,24.从上一次法规检查以来，一个金融机构增加了盈利的新产品和服务。这个机构过去没有接受过对它的反洗钱合规项目的批评。但是，最近的监管检查发现了反洗钱项目的重大缺陷，主要是由于领导层没有对新产品和服务实施充分控制进行监督。在纠正项目弱点的时候领导层需要优先处理内部控制的哪个方面?,解析内容已与中文版一致
英文版第四章.docx,33,33.Findings from a regulatory examination report states that the job descriptions of personnel outside of the compliance department do not include references to anti- money laundering responsibilities. Which action should the firm take?,已一致,第四章.docx,25,25.监管审查报告的调查结果表明，合规部以外的人员的工作描述不包括反洗钱责任。公司应该采取什么行动?,解析内容已与中文版一致
英文版第四章.docx,34,34.Which of the following measures is one that the FATF recommends that Financial Institutions（FI's）and Designated Non-Financial Businesses and Professions（DNFBPs）take to mitigate risks arising from business relationships with foreign politically exposed persons（PEPs）?,已一致,第四章.docx,141,141.根据金融行动特别工作组（FATF）的建议，金融机构（FIs）和指定非金融业务和职业（DNFBPs）应采取以下哪项措施，以降低与外国政治公众人物建立业务关系所带来的风险?,解析内容已与中文版一致
英文版第四章.docx,35,35.An anti-money laundering specialist notes a significant reduction in suspicious transaction report filings at a particular branch. Which of the following actions is most appropriate?,已一致,第四章.docx,142,142.一位反洗钱专家注意到某分行的可疑交易报告申报数量明显减少。以下哪项行动是最合适的?,解析内容已与中文版一致
英文版第四章.docx,36,36.(多选题)A New York-based lawyer is interested in purchasing a luxury condo in Manhattan listed at $30 million for a client based in the Caribbean.The client does not want to be named on the deed and wants the purchase to be made under the name of a limited liability company (LLC). The client states that the reason for this arrangement is that he is a high-level government official who is concerned about his privacy if the purchase were to be made in his name.The funds for the purchase are to be wired from several accounts in various countries.Which two facts lead to gathering more information about this potential client before moving forward with the transaction? (Choose two.),已一致,第四章.docx,26,26.(多选题)一位纽约的律师打算为他的一个加勒比地区的客户购买位于曼哈顿的标价3000万美金的高级住宅。客户不希望在房契中体现自己的姓名，提出把这套住宅放在一个有限责任公司(LLC)的名下。他给出的理由是，他是一个高级别的政府官员，如果这套房子是以他的名义购买，会担心自己的隐私被暴露。购买房屋的资金由来自好几个国家的银行账户转账过来。以下哪两个选项将导致律师需要收集更多的信息，再继续为该客户提供服务?(选择2个答案),解析内容已与中文版一致
英文版第四章.docx,37,"37.Which of the following statements best describes the role of the Board of Directors in overseeing an institution's AML governance and compliance framework, according to the Basel Committee on Banking Supervision?",已一致,第四章.docx,143,143.根据巴塞尔银行监管委员会，董事会在监督金融机构的AM治理和合规框架中的角色，哪项陈述最准确?,解析内容已与中文版一致
英文版第四章.docx,38,"38.(多选题)Jim works as a money laundering prevention specialist in a large bank, and is responsible for reviewing the account activities of some suspicious customers. As far as the red flag sign of preventing money laundering is concerned, which three situations should attract his attention most?",已一致,第四章.docx,144,144.(多选题)Jim在一家大型银行担任防制洗钱专员，负责审查某些可疑客户的帐户活动。就防制洗钱红旗标志而言，下列哪三种情境最应引起他的注意?,解析内容已与中文版一致
英文版第四章.docx,39,39.An AML compliance officer is drafting plans to address deficiencies identified in an independent audit. Which approach is the best option?,已一致,第四章.docx,145,145.一名反洗钱（AL）合规官正在起草整改计划，以解决独立审计发现的合规缺陷。哪种方法是最佳选择?,解析内容已与中文版一致
英文版第四章.docx,40,40.An AML compliance officer receives an independent audit report with a number of findings. An appropriate response to the report would include:,已一致,第四章.docx,146,146.一名反洗钱（AML）合规官收到了一份包含多个发现问题的独立审计报告。对此报告的适当回应包括以下哪顶?,解析内容已与中文版一致
英文版第四章.docx,41,41.When under a regulator's consent order or similar action. who at an organization is ultimately accountable for the remediation of any violations of AML/CFT laws and regulations?,已一致,第四章.docx,147,147.当一家机构受到监管机构的同意令或类似行动的约束时，谁对违反反洗钱/打击恐怖融资（AML/CFT）法律和法规的整改工作最终负责?,解析内容已与中文版一致
英文版第四章.docx,42,42.During an ongoing investigation into a client＇s activities by a competent authority， a compliance officer should?,已一致,第四章.docx,148,148.当监管机构对客户活动进行持续的调查期间，合规官应该做什么,解析内容已与中文版一致
英文版第四章.docx,43,43.Which element is generally required of all anti-money laundering programs?,已一致,第四章.docx,149,149.所有反洗钱制度通常都需要以下哪个要素?,解析内容已与中文版一致
英文版第四章.docx,44,44.Sanctions screening requirements include that a FI should:,已一致,第四章.docx,150,150.制裁筛查要求包括金融机构应:,解析内容已与中文版一致
英文版第四章.docx,45,45.A financial institution in a jurisdiction with currency reporting thresholds is undergoing a branch office compliance review. A large number of currency transactions in amountsexceeding a reporting threshold were discovered without a currency transaction report （CTR） being filed. The transactions were handled by the same teller （cashier）. This teller（cashier）was recently hired and had not received anti-money laundering training yet. The branch manager received daily exception reports of all large currency transactions as well as a report of all CTR filings. Which of the following should the compliance officer recommend as the initialaction?,已一致,第四章.docx,27,27.在具有现金大额交易报送要求的司法管辖区内的金融机构正在接受分支机构的合规官审查，在没有提交现金大额交易报告的情况下，合规官发现了大量应该报送的大额交易没有被报送，这些交易都是由同一个员工处理，该员工是新入职的，还没有接受过反洗钱培训，分支机构经理每天收到所有大金额现金交易的异常的排除报告，以及现金报告存档，合规官应该建议以下哪项作为初步行动?,解析内容已与中文版一致
英文版第四章.docx,46,46.One area of responsibility for the Board of Directors when implementing a successful AML program is to:,已一致,第四章.docx,28,28.在实施成功的反洗钱计划时，董事会的一项职责是:,解析内容已与中文版一致
英文版第四章.docx,47,47.(多选题)A compliance officer receives a report from the institution's monitoring system. One account was identified in multiple alerts for the amount of cash deposited and international wires sent.Which two sources of information held within the institution will enable the compliance officer to determine whether the activity should be reported? (Choose two.),已一致,第四章.docx,29,29.(多选题)一个合规专员收到该机构监测系统的报告，在多个警报中确定了一个帐户，用于支付存入的现金和国际电汇。该机构内的哪两个信息来源将使合规专员确定是否应报告该活动?(选择2个答案),解析内容已与中文版一致
英文版第四章.docx,48,"48.(多选题)The new compliance officer has reviewed the bank's anti- money laundering training program. The program consists of online training for all new employees within 30 days of hire date and annual refresher training to all employees. In addition, there is specialized training for areas that deal with higher risk products and customers.Over the last year, there have been no regulatory changes and no new products or services have been introduced. The compliance officer wants to propose to the board of directors that the annual refresher training is still current and can be delivered unchanged to all employees.Which two critical pieces of information could be missed by taking this approach? (Choose two.)",已一致,第四章.docx,30,30.(多选题)新的合规官员审核了银行的反洗钱培训项目，项目包括了对新员工如指30天内的在线培训和对所有员工年度复习培训。除此之外，对处理高风险产品和客户还有专门培训。去年，没有法规变化也没有引进新产品和服务。合规专员想要建议董事会年度复习培训是最新的并且可以不用改变继续提供给所有员工。采用这个方法可能错过了哪两个关键信息?（选2个答案）,解析内容已与中文版一致
英文版第四章.docx,49,"49.A bank maintains a number of United States (U.S.) dollar correspondent accounts for foreign financial institutions. Upon a routine review of a U.S. dollar correspondent account owned by Foreign Bank A, a number of transactions appear to have been originated by Foreign Bank B outside the expected activity for this account. These transactions appear suspicious and a suspicious transaction report was filed by the compliance officer. Which step should the compliance officer take?",已一致,第四章.docx,31,31.一家银行为外国金融机构保留了一些美元的代理账户。在对外国银行A所拥有的美元账户进行例行审查后，许多交易似乎是由外国银行B在该账户的预期活动之外发起的。这些交易看来可疑，并由合规专员提出可疑交易报告。执行人员应该采取哪一步?,解析内容已与中文版一致
英文版第四章.docx,50,50.(多选题)Which actions should a compliance officer take when implementing an enterprise-wide approach to managing money laundering risks in institutions operating with multiple lines of business and in various jurisdictions? (Choose three.),已一致,第四章.docx,32,32.(多选题)在多业务线和不同司法管辖区的机构中实施全企业范围的洗钱风险管理方法时，合规官应采取哪些行动?（选择三个）,解析内容已与中文版一致
英文版第四章.docx,51,51.How should a compliance officer respond to law enforcement agencies' request for information on a customer undergoing an investigation?,已一致,第四章.docx,33,33.合规官应如何回应执法机构关于正在接受调查的客户的信息请求?,解析内容已与中文版一致
英文版第四章.docx,52,"52.A compliance officer of a financial institution (FI) is reviewing an international wire transfer flagged by the system for incomplete beneficiary information. According to the Wolfsburg Group and Clearing House Associations' transparency standards, which should the compliance officer do first?",已一致,第四章.docx,34,34.金融机构（FI）的合规官正在审查系统标记的受益人信息不完整的国际电汇。根据沃尔夫斯堡集团和信息交换所协会的透明度标准，合规官应该首先做什么?,解析内容已与中文版一致
英文版第四章.docx,53,53.A financial institution receives a regulatory enforcement action because of deficiencies in its anti-money laundering program. Which action should the board of directors take?,已一致,第四章.docx,35,35.金融机构因其反洗钱计划存在缺陷而收到监管执法行动。董事会应该采取哪些行动?,解析内容已与中文版一致
英文版第四章.docx,54,54.A compliance officer identifies a potentially significant risk in a popular financial product. Further investigation reveals there is no mitigating control. Which course of action should the compliance officer take?,已一致,第四章.docx,36,36.合规官发现一项受欢迎的产品有潜在洗钱危险，进一步调查发现没有风险缓释控制措施，请问应该实行下列哪项措施:,解析内容已与中文版一致
英文版第四章.docx,55,55.The branch manager calls the compliance officer and informs her that a law enforcement officer has just left the branch and was asking a lot of questions and left a business card. What should the compliance officer do?,已一致,第四章.docx,37,37.分行经理打电话给合规官，告诉她一名执法官员刚离开分行，问了很多问题，并留下了一张名片。合规官应该怎么做?,解析内容已与中文版一致
英文版第四章.docx,56,56.A compliance officer wants to find some way to report the effectiveness of the money laundering prevention plan to senior management. Which of the following is the best way to report the progress of money laundering prevention to senior management?,已一致,第四章.docx,151,151.一名法规遵循专员希望找到某种方式来向资深管理阶层报告防制洗钱计划的有效性。以下哪一项是向资深管理阶层报告防制洗钱工作进展的最佳方法?,解析内容已与中文版一致
英文版第四章.docx,57,57.A Money Laundering Reporting Officer's (MLRO) lack of action led to deficiencies in the bank's AML program and a civil monetary penalty being levied against the MLRO. Why was thisdirect action taken against the MLRO?,已一致,第四章.docx,39,39.洗钱报告官（MLRO）缺乏行动导致银行反洗钱计划存在缺陷，并对反洗钱报告员处以民事处罚。为什么对反洗钱报告员采取这种直接行动?,解析内容已与中文版一致
英文版第四章.docx,58,58.What person or group is ultimately responsible for the institution's AML/CFT Program?,已一致,第四章.docx,38,38.什么个人或团体对机构的反洗钱/打击资助恐怖主义计划负最终责任?,解析内容已与中文版一致
英文版第四章.docx,59,59.What responsibilities should the senior management team bear for the implementation of the control framework for preventing money laundering/combating terrorist financing activities of the supervised entity?,已一致,第四章.docx,152,152.高阶管理团队就受监理实体之防制洗钱/打击资助恐怖主义活动管控架构执行，须担负何种责任?,解析内容已与中文版一致
英文版第四章.docx,60,60.On discovering employees had unintentionally provided assistance to customers who were structuring transactions， an anti-money laundering specialist should recommend,已一致,第四章.docx,153,153.一旦发现员工无意中为拆分交易的客户提供了帮助，反洗钱专家应建议,解析内容已与中文版一致
英文版第四章.docx,61,61.Which of the following should an anti-money laundering specialist consider the most serious deficiency when detected during a regulatory audit of the anti-money laundering program?,已一致,第四章.docx,154,154.当反洗钱专家在反洗钱计划的监管审计中发现下列哪项是最严重的缺陷?,解析内容已与中文版一致
英文版第四章.docx,62,62.A key element required to ensure an anti-money laundering compliance program is effectively embedded into an institution＇s culture is,已一致,第四章.docx,155,155.确保将一项反洗钱合规制度有效融入机构文化的一个关键因素是什么?,解析内容已与中文版一致
英文版第四章.docx,63,63.(多选题)At a minimum， who should receive role-specific AML training?（Choose three.）,已一致,第四章.docx,156,156.(多选题)至少谁应该接受特定角色的AML培训?（选择三个）,解析内容已与中文版一致
英文版第四章.docx,64,64.An AML training program should include which requirement?,已一致,第四章.docx,40,40.反洗钱培训计划应包括哪些要求?,解析内容已与中文版一致
英文版第四章.docx,65,65.Which activity would require an update to the first line training program?,已一致,第四章.docx,41,41.哪些活动需要更新一线培训计划?,解析内容已与中文版一致
英文版第四章.docx,66,66.AML training programs should extend beyond basic concepts to deliver targeted training by:,已一致,第四章.docx,46,46.反洗钱培训计划应超越基本概念，通过以下方式提供有针对性的培训?,解析内容已与中文版一致
英文版第四章.docx,67,67.How can violations of anti-money laundering laws be a risk to individuals?,已一致,第四章.docx,45,45.个人违反反洗钱相关法律法规会存在什么样的风险?,解析内容已与中文版一致
英文版第四章.docx,68,68.(多选题)Which risks could an employee face for violations of AML/CFT laws and regulations? (Choose three.),已一致,第四章.docx,42,42.(多选题)员工违反AML/CFT法律法规可能面临哪些风险?（选择三个）,解析内容已与中文版一致
英文版第四章.docx,69,69.The findings of an internal audit discover that a large group of employees do not know how to handle Politically Exposed Persons (PEPs). Which is the next course of action that should be taken?,已一致,第四章.docx,43,43.内部审计发现，大量员工不知道如何处理政治公众人物（PEP）。下一步应该采取什么行动?,解析内容已与中文版一致
英文版第四章.docx,70,70.A director of a financial institution was convicted of laundering money as part of a Ponzi scheme and terminated. As a result of an internal investigation evidence proved that an employee assisted in the illegal activity.Which action should the institution take?,已一致,第四章.docx,44,44.一家金融机构的主管因洗钱而被判为庞氏骗局的一部分，并被解雇。由于内部调查，证据证明一名雇员参与了非法活动，该机构应采取何种行动?,解析内容已与中文版一致
英文版第四章.docx,71,71.A compliance officer provides an overview of the bank's anti-money laundering program to a group of new tellers during employee orientation. Which training element should be delivered to this audience?,已一致,第四章.docx,47,47.一个合规专员在新员工介绍会时向一组新出纳员概述了该银行的反洗钱项目。哪些培训元素应该传递给观众?,解析内容已与中文版一致
英文版第四章.docx,72,72.A retail bank has just acquired a credit card business. The bank's anti-money laundering policy requires that new employees are trained within 30 days of their hire date and refresher training is delivered to all employees on an annual basis.Is the bank's existing anti-money laundering training adequate to be delivered to employees of the newly acquired credit card business?,已一致,第四章.docx,48,48.一家零售银行获得了信用卡业务。银行的反洗钱政策要求新雇员在入职30天内接受培训，并且所有雇员每年都要接受复习培训。这个银行的反洗钱培训对员工在新取得的信用卡业务上的培训是否充足?,解析内容已与中文版一致
英文版第四章.docx,73,73.Who has the day-to-day responsibility of communicating and reinforcing the established anti-money laundering compliance culture and program?,已一致,第四章.docx,49,49.谁负责对设立的反洗钱合规文化和项目进行日常沟通和执行?,解析内容已与中文版一致
英文版第四章.docx,74,74.What is the best way for the supervision entity to confirm that its legal compliance system for preventing money laundering/combating terrorist financing is effective?,已一致,第四章.docx,157,157.监理实体确认其防制洗钱/打击资助恐怖主义活动的法规遵循制度体系有效之最佳方式为何?,解析内容已与中文版一致
英文版第四章.docx,75,75.To ensure the independence of an audit for an AML program those involved in the audit would best be described as being:（1）,已一致,第四章.docx,158,158.为了确保反洗钱（AML）项目的审计独立性，参与审计的人员最好符合以下哪种描述?,解析内容已与中文版一致
英文版第四章.docx,76,76.What kind of person should perform the independent testing of an institution＇s anti-money laundering program?,已一致,第四章.docx,159,159.应由以下哪类人员对机构的反洗钱制度进行独立测试?,解析内容已与中文版一致
英文版第四章.docx,77,77.How should a compliance program respond to an AML audit finding?,已一致,第四章.docx,160,160.合规计划应如何应对AML审计结果:,解析内容已与中文版一致
英文版第四章.docx,78,78.(多选题)The regulators of a US financial institution find that the institution has failed to establish and maintain a reasonably designed AML program. Which regulatory actions should be taken? （Choose Two.）,已一致,第四章.docx,161,161.(多选题)金融机构的监管机构发现该机构未能建立和维持合理设计的反洗钱计划。应采取哪些监管措施?（选择两个）,解析内容已与中文版一致
英文版第四章.docx,79,"79.To ensure the independence of an audit for an AML/CFT program, those involved in the audit would best be described as being:",已一致,第四章.docx,50,50.为确保对反洗钱/反恐怖融资方案进行审计的独立性，参与审计的人最好被描述为:,解析内容已与中文版一致
英文版第四章.docx,80,"80.A recent anti-money laundering audit revealed several regulatory reporting violations and lapses with the organization's anti-money laundering policy. As a result, the compliance officer has created a follow-up matrix to document progress in correcting the identified deficiencies. To whom should the compliance officer provide regular updates of corrective action to help ensure the appropriate oversight?",已一致,第四章.docx,51,51.最近一次反洗钱审计揭露了一些监管报告违规活动和组织反洗钱政策的过失。结果，合规官员建立跟进措施记录纠正已发现错误的进程。合规专员应该向谁提供纠正措施的更新以帮助确保合适的监管?,解析内容已与中文版一致
英文版第四章.docx,81,81.An anti-money laundering audit identifies a significant weakness in how transaction monitoring alerts are cleared.Audit sampling identified potentially suspicious activity that was cleared as not suspicious. Management accepts the audit finding and develops a remediation plan.What is the role of the auditor during the correction phase?,已一致,第四章.docx,52,52.会计师在一次对反洗钱进行审计的过程中发现在交易监控警报解除这个环节上存在重大的缺陷。审计抽样发现潜在可疑活动未被标记为可疑并做提示。管理层接受了这个审计的发现并决定制定补救计划。下列哪一项正确说明在更正阶段会计师的角色是怎样的?,解析内容已与中文版一致
英文版第四章.docx,82,"82.As a result of an audit, a policy exception was identified that had been approved by the compliance officer. The auditor determined that the policy exception is a violation of a regulatory requirement. What should the auditor do?",已一致,第四章.docx,53,53.一次审计发现，合规专员批准了一个政策例外。审计师认为这个政策例外违反了法规要求，审计师应该做什么?,解析内容已与中文版一致
英文版第四章.docx,83,83.(多选题)What are the most effective measures that can be taken to boost risk appetite awareness across an organization after a Risk Appetite Statement（RAS）has been set and a risk appetite framework has been drafted?（Choose Three.）,已一致,第四章.docx,162,162.(多选题)在制定了风险偏好声明并起草了风险偏好框架后，如何在整个组织内有效提高风险偏好意识?（请选择三项）,解析内容已与中文版一致
英文版第四章.docx,84,84.(多选题)What is the purpose of a Risk Appetite Statement（RAS）and its linkages while implementing organizational controls?（Choose Two.）,已覆盖,第四章.docx,163,163.(多选题)风险偏好声明的目的是什么?在实施组织控制时，它与哪些因素相关?（请选择两个）,按题干、选项和答案确认对应后覆盖
英文版第四章.docx,85,"85.AML/CFT departments often collect information about customer activities and product usage, which may be valuable to other departments in the organization. Before allowing AML/CFT departments to share this information internally, organizations must first review:",已一致,第四章.docx,164,164.反洗钱/反恐融资（AML/CFT）部门经常收集有关客户活动和产品使用情况的信息，这些信息可能对组织内的其他部门有价值。在允许AML/CFT部门在内部共享这些信息之前，组织必须先审查:,解析内容已与中文版一致
英文版第四章.docx,86,86.A relationship manager in a bank has had a private banking customer for 10years. The customer has business accounts and investments and seeks advice on the creation of a company overseas. The relationship manager refers the customer to the commercial banking manager and vouches for the customer. Which of the following risk factors is the most important?,已一致,第四章.docx,165,165.一家银行的客户经理与一位私人银行客户建立业务关系已10年。该客户拥有商业账户和投资，并寻求在海外创建公司的建议。该客户经理将该客户介绍给商业银行经理，并为该客户做了担保。以下哪项是最重要的风险因素?,解析内容已与中文版一致
英文版第四章.docx,87,87.Which regulation regarding data privacy has to be considered while carrying out a financial crime investigation?,已一致,第四章.docx,54,54.在进行金融犯罪调查时，必须考虑哪些有关数据隐私的规定?,解析内容已与中文版一致
英文版第四章.docx,88,88.One key aspect of promoting an enterprise-wide compliance culture within a financial institution (FI) is that the:,已一致,第四章.docx,55,55.在金融机构（FI）内促进全企业合规文化的一个关键方面是:,解析内容已与中文版一致
英文版第四章.docx,89,89.What might limit a compliance officer's ability to respond to a foreign law enforcement official's request to provide information with regard to an anti-money laundering investigation?,已一致,第四章.docx,56,56.什么可能限制一个合规专员对外国执法专员要求提供反洗钱调查信息的回应能力?,解析内容已与中文版一致
英文版第四章.docx,90,90.Which factor should a financial institution (FI) consider prior to sharing customer records within the same jurisdiction?,已一致,第四章.docx,57,57.在同一司法管辖区内共享客户记录之前，金融机构（FI）应考虑哪些因素?,解析内容已与中文版一致
英文版第四章.docx,91,91.What principles should auditors follow when conducting anti money laundering investigations regarding the protection of privacy and data?,已一致,第四章.docx,58,58.审计师在进行反洗钱调查时，应遵守哪条关于保护隐私和数据的原则?,解析内容已与中文版一致
英文版第四章.docx,92,92.Who has the ultimate responsibility within a bank for ensuring that the bank has a comprehensive and effective Bank Secrecy Act / anti-money laundering (BSA/AML) program and oversight framework that is reasonably designed to ensure compliance with applicable regulations?,已一致,第四章.docx,59,59.在银行内部，谁负有最终责任，确保银行合理设计并制定全面有效的《银行保密法》/反洗钱（BSA/AML）制度和监督框架，以确保遵守使用法律法规?,解析内容已与中文版一致
英文版第四章.docx,93,93.Which statement about a multinational institution's ability to fully investigate unusual activity in all its foreign operations is correct?,已一致,第四章.docx,60,60.关于多国机构全面调查其国外业务异常活动的能力的说法，哪些是正确的?,解析内容已与中文版一致
英文版第四章.docx,94,94.Which factor should a bank consider before sharing information about a customer with its broker-dealer affiliate in the case of an investigation?,已一致,第四章.docx,61,61.在调查的情况下，银行在与经纪商代销商分享客户信息之前，应该考虑哪些因素?,解析内容已与中文版一致
英文版第四章.docx,95,"95.When considering sharing information across the institution or within the same jurisdiction, what is the key legal issue that poses challenges to sharing customer-related information?",已一致,第四章.docx,62,62.在考虑跨机构或在同一辖区内共享信息时，对共享客户相关信息构成挑战的关键法律问题是什么?,解析内容已与中文版一致
英文版第四章.docx,96,96.A financial institution is designing an Enterprise-Wide Risk Assessment（EWRA）。According to the Wolfsberg Group's risk-based approach to AML an effective EWRA should:,已一致,第四章.docx,166,166.一家金融机构正在设计企业范围风险评估。根据沃尔夫斯堡集团（WolfsbergGroup）提出的基于风险的方法，一个有效的EWRA应该:,解析内容已与中文版一致
英文版第四章.docx,97,"97.The local manager of the remote mortgage department of a financial institution has just found out that there is no sanctions screening for new customers. In this case, what action should the local manager take?",已一致,第四章.docx,63,63.一家金融机构的远程抵押贷款部门的当地经理刚刚发现，没有对新客户进行制裁筛选。在这种情况下，本地经理应该采取哪种行动?,解析内容已与中文版一致
英文版第四章.docx,98,"98.When a financial institution (FI) receives a court production order from law enforcement, it should:",已一致,第三章.docx,29,29.当金融机构（FI）收到来自执法部门的法院指令时，应:,解析内容已与中文版一致
英文版第四章.docx,99,99.What is an essential element of Know Your Customer (KYC) standards according to the Basel Committee's Customer Due Diligence for Banks paper?,已一致,第四章.docx,64,64.根据巴塞尔委员会发布的<<银行客户尽职调查白皮书>>了解你的客户标准中最重要的内容是?,解析内容已与中文版一致
英文版第四章.docx,100,100.A credit institution has been served with a preliminary findings report highlighting major deviations from AML obligations in its country and stating that it faces the possibility of withdrawal of its banking license. Which authorities could have issued the report?,已一致,第四章.docx,203,203.一家信贷机构收到了初步调查报告，指出其在反洗钱义务方面与其所在国存在重大偏离，并表示面临撤销银行执照的可能性。哪个机构可能会发出该报告？,解析内容已与中文版一致
英文版第四章.docx,101,101.Which of the following best describes the Basel Committee on Banking Supervision＇s principles on customer due diligence?,已一致,第三章.docx,126,126.以下哪项最能描述巴塞尔银行监管委员会关于客户尽职调查的原则?,解析内容已与中文版一致
英文版第四章.docx,102,102.A close relative of a privately-owned bank's senior manager requests to open an account. Because of this relationship， the staff expedites the opening of the account without following established account-opening procedures. Applying the Basel Committee on Banking Supervision principles， which of the following poses the highest operational risk?,已一致,第四章.docx,168,168.一家私人银行高级经理的近亲要求开户。由于这种关系，工作人员在不遵循以下要求的情况下加快开户建立开户程序。应用巴塞尔银行委员会监管原则，以下哪项构成最高的运营风险?,解析内容已与中文版一致
英文版第四章.docx,103,"103.A customer of a bank is an established art dealer. Within KYC due diligence processes, which constitutes a triggering event that requires ongoing due diligence on this client?",已一致,第四章.docx,65,65.某银行的一个客户是一个成熟的艺术品经销商。在KYC尽职调查过程中，哪种情况构成触发事件，需要对该客户进行持续的尽职调查?,解析内容已与中文版一致
英文版第四章.docx,104,104.Which of the following does an effective know-your-customer system include?,已一致,第四章.docx,169,169.有效之了解您的客户制度包含以下何者?,解析内容已与中文版一致
英文版第四章.docx,105,"105.According to the Basel Committee's principles on customer due diligence, a bank should:",已一致,第四章.docx,66,66.根据巴塞尔委员会关于客户尽职调查的原则，银行应该:,解析内容已与中文版一致
英文版第四章.docx,106,"106.(多选题)When investigating an AML event, which techniques would be used to investigate suspected mule accounts? (Choose three.)",已一致,第四章.docx,67,67.(多选题)在调查反洗钱事件时，将使用哪些技术来调查可疑的钱骡账户（muleaccounts）?（选择三个。）,解析内容已与中文版一致
英文版第四章.docx,107,107.(多选题)Which of the following scenarios warrants enhanced due diligence（EDD）?（Choose Three.）,已一致,第四章.docx,170,170.(多选题)以下哪些情境需要进行增强尽职调查（EDD）（请选择三个选项）,解析内容已与中文版一致
英文版第四章.docx,108,"108.(多选题)According to the Basel Committee principles, which actions would make a customer identification program at a bank more robust?（Choose Two.）",已一致,第四章.docx,171,171.(多选题)根据巴塞尔委员会的原则，以下哪些措施可以增强银行的客户识别计划（请选择两个）,解析内容已与中文版一致
英文版第四章.docx,109,109.A financial institution＇s （Fl＇s） policy is to apply enhanced due diligence（EDD）for every new client to ensure the effectiveness of the program. How should a consultant advise the Fl＇s management team?,已一致,第四章.docx,172,172.金融机构的政策是对每一位新客户进行强化尽职调查，以确保该计划的有效性。顾问应如何向Fl的管理团队提供建议?,解析内容已与中文版一致
英文版第四章.docx,110,110.Transfers of money over the last 6months to a corporation in a jurisdiction with strict secrecy laws triggered an alert. Which of the following should cause the most suspicion of money laundering?,已一致,第四章.docx,173,173.在过去6个月里，客户向一家具有严格保密法管辖区内的公司转账引发了警报。下列哪一项最可能引起洗钱嫌疑?,解析内容已与中文版一致
英文版第四章.docx,111,111.What kind of situation requires enhanced due diligence (EDD) on customers?,已一致,第四章.docx,68,68.哪种情况需要对客户进行强化尽职调查（EDD）?,解析内容已与中文版一致
英文版第四章.docx,112,112.Normal account-opening procedures reveal a customer who contacted a financial institution to open a bank account is the brother of a prominent member of a foreign judiciary. Which of the following actions should the anti-money laundering specialist recommend immediately?,已一致,第四章.docx,174,174.正常开户程序显示，联系金融机构开立银行账户的客户是外国司法机构一名知名成员的兄弟。反洗钱专家应立即建议以下哪项行动?,解析内容已与中文版一致
英文版第四章.docx,113,113.Which information should be gathered as part of enhanced due diligence (EDD) for a high-risk customer?,已一致,第四章.docx,69,69.应收集哪些信息作为高风险客户增强尽职调查（EDD）的一部分?,解析内容已与中文版一致
英文版第四章.docx,114,"114.According to the Basel Committee on Banking Supervision, banks should deal with high-risk customers by:",已一致,第四章.docx,70,70.根据巴塞尔银行监管委员会，银行应通过以下方式处理高风险客户:,解析内容已与中文版一致
英文版第四章.docx,115,115.Enhanced due diligence (EDD) may be bypassed for which situation?,已一致,第四章.docx,71,71.哪种情况下可以不必增强尽职调查（EDD）?,解析内容已与中文版一致
英文版第四章.docx,116,116.(多选题)A financial institution has expanded its scope of services so that it is attracting the business of politically exposed persons (PEPs) who had previously never been part of the customer base.Which two courses of action should the compliance officer include in the institution's procedures for considering PEPs as customers? (Choose two.),已一致,第四章.docx,72,"72.(多选题)一个金融机构扩大了它的服务范围,从而吸引了政治公众人物的业务，这类人以前从未在客户群里面。在考虑将PEP(politically exposed persons）作为客户时合规官员应该采取哪两个行动?(选择两个答案)",解析内容已与中文版一致
英文版第四章.docx,117,"117.A banker in the credit department wants to assess the risk of all customers, and contacts the compliance officer to request a list of customers with suspicious transaction report filings.What should be done to protect suspicious transaction report information?",已一致,第四章.docx,73,73.信贷部门的银行家希望评估所有客户的风险，并与合规专员联系，要求提供可疑交易报告归档的客户名单。保护可疑交易报告信息应采取什么措施:,解析内容已与中文版一致
英文版第四章.docx,118,118.A foreign politically exposed person (PEP) requests to add a beneficiary to a life insurance policy.How should the request be processed to mitigate risk?,已一致,第四章.docx,74,74.外国政治公众人物要求向人寿保险保单中加入受益人。应如何处理请求以降低风险?,解析内容已与中文版一致
英文版第四章.docx,119,"119.(多选题)Appendix 4 of the Consultation Document on General Guidelines for Opening Accounts issued by the Basel Committee lists the information that should be obtained when confirming a ""legal person"". Which three pieces of information belong to the suggested content?",已一致,第四章.docx,175,"175.(多选题)巴塞尔委员会于发布之《开户一般指引咨询文件》附录四列出确认""法人""时应取得的资讯。哪三项资讯属于建议内容?",解析内容已与中文版一致
英文版第四章.docx,120,120.Before providing suspicious activity report documentation to an authorized requestor， the institution should first:,已一致,第四章.docx,176,176.在向授权请求者提供可疑活动报告文件之前，机构应首先:,解析内容已与中文版一致
英文版第四章.docx,121,121.(多选题)A senior government official is trying to open an account in a financial institution （FI） that operates in a different country from where the official is domiciled. The official is using an asset manager intermediary to represent them. According to the Wolfsberg Group， which next steps should the FI take regarding the opening of the account? （Choose Three.）,已一致,第四章.docx,177,177.(多选题)一名高级政府官员正试图在一家金融机构（FI）开立账户，该金融机构在该官员居住的不同国家运营。该官员正在使用一家资产管理中介机构来代表他们。根据沃尔夫斯堡集团的说法，金融机构在开户方面应采取哪些下一步措施?（选择三个）,解析内容已与中文版一致
英文版第四章.docx,122,122.A bank customer operates a fuel station as a sole proprietorship. The customer places deposits and other credits in a business account. The customer routinely transfers money from the business account to a brokerage account where he invests in money market securities. Thecustomer also routinely makes monthly transfers to a credit card and line of credit to pay off balances. The volume of activity flowing through the business account has doubled in the past 3 months. An internal investigator reviews business account statements and credit card activity for the past 3 months， scans media articles about the customer， and interviews the account officer about the customer and account activity. This internal investigation did not provide an explanation for the increased activity1. Which of the following should the anti-money laundering specialist recommend to the internal investigator?,已一致,第四章.docx,178,178.银行客户作为独资企业经营加油站。客户将存款和其他信贷存入商业账户。客户通常将资金从商业账户转移到他投资货币市场证券的经纪账户。客户还定期每月转账到信用卡和信用额度，以支付余额。在过去3个月里，通过商业账户流动的活动量翻了一番。内部调查员审查过去3个月的业务账户对账单和信用卡活动，扫描有关客户的媒体文章，并就客户和账户活动采访账户主管。本次内部调查并未对活动增加作出解释。反洗钱专家应向内部调查员推荐以下哪项?,解析内容已与中文版一致
英文版第四章.docx,123,123.An offshore company is owned by four equal partners that reside in separate jurisdictions. One partner presents an authenticated power of attorney apparently executed by the remaining three partners in his favor and requests that a bank account be opened on behalf of all partners. He needs this done quickly because there is a large deposit pending. The account-opening officer contacts the bank＇s anti-money laundering officer for advice. Which of the following should the anti-money laundering officer advise as an initial step?,已一致,第四章.docx,179,179.一家离岸公司由居住在不同司法管辖区的四个平等合伙人所有。一名合伙人提交一份经认证的授权书，该授权书显示由其余三名合伙人以其为受益人签署，并要求代表所有合伙人开立一个银行账户。他需要尽快完成这项工作，因为还有一大笔存款待存。开户官员联系银行的反洗钱官员寻求建议。作为第一步，反洗钱官员应建议以下哪项?,解析内容已与中文版一致
英文版第四章.docx,124,124.According to the Basel Committee，customer acceptance， customer due diligence， and record-keeping policies and procedures should be changed as necessary to:,已一致,第四章.docx,180,180.根据巴塞尔委员会的规定，客户接受、客户尽职调查以及记录保存政策和程序应根据需要进行更改，以:,解析内容已与中文版一致
英文版第四章.docx,125,"125.When assessing and managing money laundering risks while operating in foreign jurisdictions different from that of the head office, an effective AML monitoring program should:",已一致,第四章.docx,75,75.在评估和管理在不同于总部的外国司法管辖区运作时的洗钱风险时，一个有效的反洗钱监测方案应该:,解析内容已与中文版一致
英文版第四章.docx,126,"126.In accordance with FATF standards, when the minimum AML requirements of the host country where a FI operates are less strict than those of the FI's home country, the FI:",已一致,第四章.docx,201,201.根据金融行动工作组的标准，如果金融行动机构所在的东道国对反洗钱的最低要求不如该机构本国的要求严格，该机构：,解析内容已与中文版一致
英文版第四章.docx,127,127.When a government imposes economicsanctions on a target，the purpose is to:,已一致,第四章.docx,181,181.当政府对某个目标实施经济制裁时，其目的是:,解析内容已与中文版一致
英文版第四章.docx,128,128.(多选题)Which is a purpose of imposing sanctions?（Choose two）,已一致,第四章.docx,182,182.(多选题)实施制裁的目的是什么?（选择两项）,解析内容已与中文版一致
英文版第四章.docx,129,129.What is a tool governments and multi-national bodies can use to prevent the proliferation of weapons of mass destruction?,已一致,第四章.docx,78,78.政府和多国机构可以用来防止大规模毁灭性武器扩散的工具是什么?,解析内容已与中文版一致
英文版第四章.docx,130,130.Why do governments and multi-national bodies impose economic sanctions?,已一致,第四章.docx,80,80.为什么政府和多国机构实施经济制裁?,解析内容已与中文版一致
英文版第四章.docx,131,"131.Upon receipt of a law enforcement or government request about a customer, a financial institution (FI) should immediately perform which task?",已一致,第四章.docx,81,81.收到有关客户的执法或政府请求后，金融机构（FI）应立即执行哪项任务?,解析内容已与中文版一致
英文版第四章.docx,132,132.When should organizational policies and procedures force the screening of political public figures?,已一致,第四章.docx,183,183.组织政策与流程应于何时强制进行政治公众人物筛选?,解析内容已与中文版一致
英文版第四章.docx,133,133.In many jurisdictions，financial institutions are prohibited from hiring a person who has been convicted of what type of offense?,已一致,第四章.docx,189,189.在许多司法管辖区，金融机构被禁止雇用被判犯有何种罪行的人?,解析内容已与中文版一致
英文版第四章.docx,134,134.Why is the designated Commissioner responsible for reporting suspicious activities (suspicious activity reports and suspicious transaction reports) to his financial intelligence unit?,已一致,第四章.docx,190,190.为什么指定专员要负责向其金融情报机构报告可疑活动（可疑活动报告和可疑交易报告）?,解析内容已与中文版一致
英文版第四章.docx,135,135.(多选题)Which practices should be considered when investigating unusual transactions and activities?（Choose Three.）,已一致,第四章.docx,185,185.(多选题)在调查异常交易和活动时，应考虑哪些最佳实践?（请选择三个）,解析内容已与中文版一致
英文版第四章.docx,136,"136.(多选题)An international bank is investigating a payment requested by one of its correspondent relationships that generated an alert in the automated transaction monitoring system. The payment originated from a corporation located in Hong Kong, and the final beneficiary is an individual in New York.Which steps should the bank take first to address the alert?（Choose Three.）",已一致,第四章.docx,187,187.(多选题)一家国际银行正在调查其代理银行提交的一笔付款请求，该请求在自动交易监控系统中触发了警报。这笔付款来自香港的一家企业，最终收款人是纽约的一名个人。银行应首先采取哪些措施来处理该警报?（请选择三个）,解析内容已与中文版一致
英文版第四章.docx,137,137.Which measures should financial institutions （Fl's）take when complying with sanctions requirements?,已一致,第四章.docx,184,184.金融机构在遵守制裁要求时应采取哪些步骤?,解析内容已与中文版一致
英文版第四章.docx,138,138.A bank in the Netherlands has been requested to share information about a series of transactions and related customers with a bank in ltaly. Both banks are subiect to European Union jurisdiction. Which factor is the most important to consider before the Dutch bank shares the requested information with the Italian bank?,已一致,第四章.docx,186,186.荷兰的一家银行收到来自意大利银行的请求，要求其提供有关一系列交易及相关客户的信息。这两家银行均受欧盟（EU）管辖。在荷兰银行分享这些信息之前，最重要的考虑因素是什么?,解析内容已与中文版一致
英文版第四章.docx,139,139.(多选题)Which are common types of economic sanctions? (Choose three.),已一致,第四章.docx,76,76.(多选题)经济制裁的常见类型有哪些?（选择三个）,解析内容已与中文版一致
英文版第四章.docx,140,140.The ultimate goal of economic sanctions is to:,已一致,第四章.docx,77,77.经济制裁的最终目标是:,解析内容已与中文版一致
英文版第四章.docx,141,141.What is a tool governments and multi-national bodies can use to prevent the proliferation of weapons of mass destruction?,已一致,第四章.docx,78,78.政府和多国机构可以用来防止大规模毁灭性武器扩散的工具是什么?,解析内容已与中文版一致
英文版第四章.docx,142,142.Which is a primary purpose of imposing economic sanctions?,已一致,第四章.docx,79,79.哪个是实施经济制裁的主要目的?,解析内容已与中文版一致
英文版第四章.docx,143,"143.To ensure compliance with economic sanctions established by governmental authorities in the jurisdictions where it operates, a financial institution requires that all new and existing customers be screened at onboarding and quarterly thereafter.Is this step sufficient to ensure compliance?",已一致,第四章.docx,82,82.为了确保符合由政府机关设立的经济制裁，其所在辖区里运作的金融机构在加入和每个季度之后，要求所有新的和现有的客户进行筛选。这一步骤是否足以确保遵从性?,解析内容已与中文版一致
英文版第四章.docx,144,144.(多选题)A recruitment manager in the human resources department of a bank has shortlisted a candidate for the position of relationship manager in its private banking division. The bank's compliance policy requires proper background checks to protect against fraud and money laundering risks. Which resources would be most useful for identifying potential negative information regarding the shortlisted candidate? (Choose Three.),已一致,第四章.docx,188,"188.(多选题)一家银行的人力资源部的招聘经理已经筛选出一名候选人,准备聘请其担任私人银行部门的客户经理。该银行的合规政策要求进行适当的背景调查，以防范欺诈和洗钱风险。以下哪些资源最有助于发现该候选人的潜在负面信息?(请选择三个)",解析内容已与中文版一致
英文版第四章.docx,145,145.What should a bank do if it suspects one of its employees may be involved in mortgage loan fraud?,已一致,第四章.docx,83,83.如果银行怀疑其员工可能参与抵押贷款欺诈，应该怎么做?,解析内容已与中文版一致
英文版第四章.docx,146,146.(多选题)Which are the two most common controls a financial institution (FI) uses to identify suspicious money-laundering activity? (Choose two.),已一致,第四章.docx,84,84.(多选题)金融机构（FI）用于识别可疑洗钱活动的两种最常见的控制措施是什么?（选择两个）,解析内容已与中文版一致
英文版第四章.docx,147,"147.An organization uses an automated surveillance system that generates a very large volume of anti-money laundering alerts. The monthly volume of alerts has increased over the last year causing the compliance staff to fall significantly behind reviewing the alerts. As a result, the system settings are under review to determine if they are appropriate.Which action should be included in the evaluation of system settings?",已一致,第四章.docx,85,85.一个组织的自动检测系统发出了大量的反洗钱警报。每月的警报数量在过去一年的增长使合规专员无法及时审核这些警报。结果，现在对这个系统设置进行审核以判断他们是否是合适的。哪项需要包括进对系统设置的评估中?,解析内容已与中文版一致
英文版第四章.docx,148,148.A financial institution＇s monitoring system triggers an alert and an internal investigation has confirmed the activity as suspicious. Which of the following should an anti-money laundering specialist do before submitting the suspicious transaction report?,已一致,第四章.docx,191,191.一家金融机构的监控系统触发了警报，内部调查证实该交易可疑，反洗钱专家在提交可疑交易报告前应做下列哪项?,解析内容已与中文版一致
英文版第四章.docx,149,149.Which action by a prospective customer during the account opening process requires further investigation?,已一致,第四章.docx,86,86.潜在客户在开户过程中的哪些行为需要进一步调查?,解析内容已与中文版一致
英文版第四章.docx,150,150.(多选题)A bank's anti-money laundering section receives an anonymous tip that a customer might be engaging in possible money laundering.Which two facts should be considered during the course of an investigation into this matter? (Choose two.),已一致,第四章.docx,88,88.(多选题)银行的反洗钱部门收到匿名提示，有客户可能正在从事洗钱活动。在调查这一事件的过程中，应考虑哪两个事实?（选择两个。）,解析内容已与中文版一致
英文版第四章.docx,151,151.(多选题)The training department is conducting awareness training for unusual customer identification scenarios. Which two indicators should be included? (Choose two.),已一致,第四章.docx,89,89.(多选题)培训部门正在进行不寻常的客户识别场景的意识培训。应该包括哪两个指标?(选择两个),解析内容已与中文版一致
英文版第四章.docx,152,152.A quarterly review is conducted on are tail customers account at a bank located in a jurisdiction with currency reporting thresholds. A number of large deposits of financial instruments drawn on other institutions in amounts under thresholds were noted. This activity did not fit the accounts historical profile. A suspicious transaction report will most likely be filed if what also occurred?,已一致,第四章.docx,192,192.位于具有现金报告阈值要求的辖区内的银行正对零售客户的账户进行季度审查，期间注意到一个客户账户有大量现金存款来自于其他银行机构，且低于报告阈值。此活动不符合该帐户的历史档案。如果发生了什么情况，最有可能提交可疑交易报告?,解析内容已与中文版一致
英文版第四章.docx,153,153.(多选题)The AML investigator is reviewing the transaction monitoring alerts and the customer＇s historical profile for the past two years. A review of the negative news search from a blogindicates that the customer was previously part of a terrorist group. Which activities warrant further escalation? （Choose two.）,已一致,第四章.docx,193,193.(多选题)AML调查员正在审查过去两年的交易监控警报和客户的历史档案。对博客上的负面新闻搜索的审查表明，该客户以前是恐怖组织的成员。哪些活动需要进一步升级?（选择两个）,解析内容已与中文版一致
英文版第四章.docx,154,154.Which transaction should result in a SAR/STR filing?,已一致,第四章.docx,90,90.哪些交易应导致提交SAR/STR?,解析内容已与中文版一致
英文版第四章.docx,155,155.Which payment method for purchasing luxury items is a red flag for potential money laundering?,已一致,第四章.docx,91,91.哪种购买奢侈品的支付方式是潜在洗钱的红旗标志?,解析内容已与中文版一致
英文版第四章.docx,156,156.A SAR/STR should be filed when the accountable institution identifies that:,已一致,第四章.docx,92,92.当问责机构发现以下情况时，应提交SAR/STR:,解析内容已与中文版一致
英文版第四章.docx,157,"157.(多选题)A bank employee recently opened an account for a new restaurant. Daily cash deposits over a three-month period are close to $9,500. What are two red flags that indicate possible money laundering or terrorist financing? (Choose two.)",已一致,第四章.docx,93,93.(多选题)一位银行职员为一家新餐馆开了一个账户。三个月期间餐馆的每日现金存款接近9500美元。表示可能洗钱或资助恐怖主义的两个危险信号是什么?（选择两个。）,解析内容已与中文版一致
英文版第四章.docx,158,158.A new accounts representative recently opened an account for individual whose stated employment is tutoring students.Which customer action indicates possible money laundering?,已一致,第四章.docx,94,94.一个新的银行客户代表最近为一个客户开立了银行账户。客户说他的职业是做家教。下列客户的哪个行为显示有洗钱风险?,解析内容已与中文版一致
英文版第四章.docx,159,159.(多选题)Which of the following activities are considered money laundering red flags when reviewing business operations of a money services business （MSB）?（Choose Two.）,已一致,第四章.docx,194,194.(多选题)在审查货币服务业务的运营时，以下哪些行为被视为洗钱危险信号?（请选择两个）,解析内容已与中文版一致
英文版第四章.docx,160,160.Which red flag should a compliance officer prioritize first for investigation?,已一致,第四章.docx,95,95.合规官应优先考虑哪一个危险信号进行调查?,解析内容已与中文版一致
英文版第四章.docx,161,"161.The bank's internal financial intelligence unit (FIU) has reviewed activity related to a politically exposed person (PEP); the activity in the account contains a large, round number, one time wire to an obscure organization. Which would not be a sufficient reason to file a SAR/STR?",已一致,第四章.docx,96,96.银行内部金融情报机构（FIU）审查了与政治公众人物（PEP）有关的活动;帐户中的活动包含一笔大金额的整数交易，一次性电汇到一个不知名的组织。哪一项不是提交SAR/STR的充分理由?,解析内容已与中文版一致
英文版第四章.docx,162,162.A compliance officer is reviewing the activities of the wire transfer department last month and identifying abnormal wire transfers from customers' accounts. What information should be included in the review of customer activities?,已一致,第四章.docx,97,97.一个合规专员正在审查上个月电汇部门的活动，并从客户的帐户中识别出异常的电汇。哪些信息应该包括在客户活动的评审中?,解析内容已与中文版一致
英文版第四章.docx,163,"163.A bank has opened a new account for a well-known attorney to manage client funds. During the first six months, bank staff observe the account receives multiple deposits via wire transfer. They also observe that the attorney withdraws cash, makes payments to various people, and transfers funds to the law firm's account online. What is considered a red flag for potential money laundering in this situation?",已一致,第四章.docx,98,98.一家银行为当地的一个著名的律师开设了一个新的银行账户，用来管理其客户的资金。在最初的六个月，银行职员发现了几笔通过电汇汇到该账户的款项。他们还发现这个律师会从账户中支取出现金，支付给不同的人，并且在网上把账户的资金转到律师事务所的银行账户中。下列哪个表现预示上述的行为存在洗钱风险?,解析内容已与中文版一致
英文版第四章.docx,164,164.The bank received a wire transfer involving the sale of equipment to the sanctioned company. The bank operation team deletes the information related to the sanctioned company and allows wire transfer processing. What kind of activity is this description?,已一致,第四章.docx,99,99.银行收到电汇，该电汇涉及向受制裁公司出售设备。银行运营团队删除涉及受制裁公司的信息，并允许电汇处理。这是对什么类型活动的描述?,解析内容已与中文版一致
英文版第四章.docx,165,165.A bank receives an anonymous tip from an employee about another employee through its confidential hotline.Which activity warrants further review?,已一致,第四章.docx,100,100.收到内部热线举报，以下哪个有洗钱嫌疑?,解析内容已与中文版一致
英文版第四章.docx,166,166.(多选题)A bank employee reviews wire transactions looking for indications of wire stripping.Which two actions should the employee take to complete appropriate bank procedures? (Choose two.),已一致,第四章.docx,101,101.(多选题)一名员工检查电汇交易，寻找电汇剥离的迹象。员工应采取哪两项措施来完成适当的银行程序?(选择两个答案),解析内容已与中文版一致
英文版第四章.docx,167,"167.(多选题)In the summer, an institution identifies anti-money laundering concerns regarding a customer's account activity.The customer, an ice cream parlor, has deposited a lot ofchecks drawn on banks in foreign countries, sent large number of high dollar international wires to different countries, made cash deposits of a few hundred dollars every few days and written multiple checks for a few hundred dollars to the same dozen payees every two weeks.Which two transaction types warrant investigation? (Choose two.)",已一致,第四章.docx,103,103.(多选题)在夏季，一家金融机构会发现了有关客户账户活动的反洗钱问题。该客户是一个冰激凌小加工厂，在国外存了很多银行开的支票，向不同国家发了很多金额很高的国际电汇，每几天存入数百美元现金，每两周向同一打收款人开出几张几百美元的支票。哪两种交易类型值得调查?（选择两个。）,解析内容已与中文版一致
英文版第四章.docx,168,"168.(多选题)A customer living in a high-risk jurisdiction makes frequent, large cash deposits at a bank. The same customer sends small wire transfers to unrelated parties in other high-risk jurisdictions. What are two red flags that may indicate money laundering? (Choose two.)",已一致,第四章.docx,104,104.(多选题)一位居住在洗钱风险发生率高的区域的客户经常来到银行进行大额现金存款。同时，他还会通过电汇的方式向其它洗钱风险高的几个区域进行一些小额的汇款。下列哪两项预示存在洗钱风险?（请选择两个答案）,解析内容已与中文版一致
英文版第四章.docx,169,169.A bank maintains a relationship with a customer who owns a small bakery business.Which customer action indicates potential money laundering?,已一致,第四章.docx,105,105.一个小型烘焙店怎样的交易涉嫌洗钱?,解析内容已与中文版一致
英文版第四章.docx,170,"170.(多选题)A periodic review of the account of a small household goods business reveals multiple shipments of goods to a country classified by the bank as high risk. They were transshipped through another country prior to the final destination. In the past three months, volumes over 25,000 units. The business has been a customer of a bank for 10 years.Records show previous shipments to destinations primarily in Europe involving quantities of 5,000 units or less. Recent shipments are listed as being received by the same company as the earlier shipments and payments are being received from the same originator, but the unit price of the goods is three times higher than before.Which two red flags indicate potential trade-based money laundering? (Choose two.)",已一致,第四章.docx,106,106.(多选题)在对一家小型家居用品企业的银行账户进行定期审查的时候发现，有多次是将货物运到一个被银行列为高风险的国家。在抵达最终目的地之前，货物先被转运到另一个国家。在过去的三个月里，运输的货物达2.5万件。这个企业是这家银行10多年的老客户了。在以往的运输记录中，这个企业大都是向欧洲出口货物，规模大都在5千件或以下。近期的这些大宗货物运输的收货人还是之前的客户，付款人也是之前的一个客户，但是货单价比之前高了三倍。以下哪两项预示上述行为存在以贸易为途径的洗钱风险?（请选择两个答案）,解析内容已与中文版一致
英文版第四章.docx,171,"171.(多选题)An employee in a corporation's finance department hears news of an internal investigation into potential fraud within the company, quits their job, and disappears. If they had been observed before their resignation, which characteristics of the employee would have been considered red flags?（Choose Two.）",已一致,第四章.docx,195,195.(多选题)一家公司的财务部门员工听闻公司正在内部调查潜在的欺诈行为后，辞职并消失。如果在其辞职前曾被观察到，哪些特征可以被视为洗钱或欺诈的可疑迹象（请选择两个）,解析内容已与中文版一致
英文版第四章.docx,172,172.Which unusual or suspicious activity by a financial institution's (FI's) employee requires additional investigation and scrutiny?,已一致,第四章.docx,107,107.金融机构（FI）员工的哪些异常或可疑活动需要额外调查和审查?,解析内容已与中文版一致
英文版第四章.docx,173,173.Which of the following employee behaviors would not trigger an AML red flag?,已一致,第四章.docx,108,108.以下哪种员工的行为不会触发反洗钱红旗标志?,解析内容已与中文版一致
英文版第四章.docx,174,174.An anti-money laundering officer is conducting employee reviews. Which employee action warrants enhanced due diligence?,已一致,第四章.docx,109,109.一个反洗钱专员正在进行员工审核。员工的什么举动需要加强尽职调查?,解析内容已与中文版一致
英文版第四章.docx,175,175.(多选题)Which are red flags indicating potential engagement of a bank employee in money laundering? (Choose two.),已一致,第四章.docx,110,110.(多选题)哪些是表明银行雇员可能参与洗钱活动的红旗标志?(选择两个。）,解析内容已与中文版一致
英文版第四章.docx,176,176.(多选题)Money laundering red flags associated with money service businesses include: （choose Two.）,已一致,第四章.docx,196,196.(多选题)与货币服务业务相关的洗钱危险信号包括:（选择两个）,解析内容已与中文版一致
英文版第四章.docx,177,177.(多选题)A new AML Officer for a US-based money service business (MSB) is drafting procedures around types of activity that require further review. Which should be included? (Choose two.),已一致,第四章.docx,111,111.(多选题)美国一家货币服务公司（MSB）的一名新反洗钱官员正在围绕需要进一步审查的活动类型起草程序。应该包括哪些?（选择两个）,解析内容已与中文版一致
英文版第四章.docx,178,"178.There is a small money transfer service that has multiple agent locations in the same region of the United States. Their clients are mostly immigrants from country A, and they often handle remittance procedures to transfer funds back to country A. During a meeting between the company's compliance officer and several agents, one of the agents reported that two new clients have been coming to the site three times a week to process remittances, all to the same recipient in Country B, with a total remittance amount of $8000. Which of the following behaviors warns the agent that these two clients may be suspected of money laundering?",已一致,第四章.docx,113,113.有一家小额货币转账服务机构在美国同一区域有多个代理地点。他们的客户大都是从A国家来的移民，他们经常会办理汇款手续，把资金汇回到A国家。在一次公司合规负责人和几个代理开会的时候，其中有一个代理反映最近有两个新客户每周都有三次来到站点办理汇款，都是汇给B国的同一个收款人，汇款金额总是8千美金。下列哪一项表现警示着代理这两个客户可能有洗钱的嫌疑?,解析内容已与中文版一致
英文版第四章.docx,179,"179.(多选题)A financial institution (FI) is conducting a complex investigation of unusual patterns of activity involving multiple businesses, triggered by an automated monitoring system alert. Which techniques would be most efficient for conducting the investigation? （Choose Two.）",已一致,第四章.docx,197,197.(多选题)一家金融机构（FI）正在对涉及多个企业的异常交易模式进行复杂调查，该调查是由自动监控系统的警报触发的。在进行调查时，哪些技术最有效?（请选择两个选项）,解析内容已与中文版一致
英文版第四章.docx,180,"180.Using customer files and expected activity information, financial institutions should be able to identify customer transactions, but it is difficult to:",已一致,第四章.docx,114,114.利用客户档案和预期活动信息，金融机构应该能够识别客户交易，但是难以:,解析内容已与中文版一致
英文版第四章.docx,181,"181.A popular restaurant in town has begun depositing less cash than it has in prior years. In a review of the customer's accounts, you notice that credit card receipts have increased with no explanation.The account officer discovers that the restaurant has installed a privately-owned automated teller machine (ATM) onsite and has begun construction of a patio dining area.Which red flag should trigger additional investigation?",已一致,第四章.docx,115,115.镇上一家很受欢迎的餐馆已经开始存储比往年更少的现金。在对客户的账目进行回顾时，你发现信用卡收据没有任何解释就增加了。该账户的专员发现，这家餐厅已经在现场安装了一台私人自动柜员机(ATM)，并已开始在进行一个露台餐厅建设。哪一个危险信号应该引发更多的调查?,解析内容已与中文版一致
英文版第四章.docx,182,182.(多选题)Which methods are typically used to launder money using insurance companies? (Choose two.),已一致,第四章.docx,116,116.(多选题)保险公司通常使用哪些方法洗钱?（选择两个）,解析内容已与中文版一致
英文版第四章.docx,183,"183.According to FATF, FIs should exit the relationship with a client in which case?",已一致,第四章.docx,117,117.根据FATF的规定，金融机构在哪种情况下应退出与客户的关系?,解析内容已与中文版一致
英文版第四章.docx,184,"184.(多选题)A customer opens a corporate account with a broker- dealer on behalf of several beneficial owners, with a stated long-term investment goal. The customer deposits $$25.5 million into the account and three days later transfers $$5 million to an overseas bank. Shortly thereafter, the customer begins making numerous purchases of pesos. The compliance officer receives a query regarding the movement of funds. Within a month of account opening, the customer depletes the account.Which two red flags should prompt the firm's compliance officer to take action? (Choose two.)",已一致,第四章.docx,118,118.(多选题)一个客户来到一个券商那里开立一个公司账户，他要同时代表几个受益人，有明确的长期投资的目的。他先是在账户中存入2550万美金，三天后将其中的5百万美金转到了一家海外的银行。然后，这个客户又开始多次购买比索。该券商的合规负责人收到了关于账户资金往来的质询。就在开设账户的当月，该账户的资金余额已经为0。下列哪两项标志着合规负责人应该进一步采取行动?（选择两个）,解析内容已与中文版一致
英文版第四章.docx,185,185.Which red flag indicates high potential for money laundering in a real estate purchase?,已一致,第四章.docx,119,119.下列哪一项标志在房地产购买过程中存在高洗钱风险?,解析内容已与中文版一致
英文版第四章.docx,186,186.Which scenario should be escalated as potentially suspicious activity?,已一致,第四章.docx,120,120.哪种情况应升级为潜在可疑活动?,解析内容已与中文版一致
英文版第四章.docx,187,187.A bank provides trade financing for a company whose primary export is steel. Which action by the company indicates possible money laundering?,已一致,第四章.docx,121,121.一家银行为一家以出口钢材料为主要经营活动的公司进行贸易融资。公司的哪种行为预示存在洗钱风险?,解析内容已与中文版一致
英文版第四章.docx,188,"188.A client is a wholesale auto business that operates as a used car lot. The client regularly ships vehicles internationally. In a four-month period, the client received wires totaling$$1,250,000 from a dealer in Benin in West Africa. All wires originated from Benin and were in increments of $$50,000.Account debits made to the account were payable to various transport companies. All incoming checks reference various vehicles purchased. Dock shipping receipts produced by the client to support account activity identify the vehicles but cannot easily be tied to the wires received.What is the suspicious behavior?",已一致,第四章.docx,122,122.客户是一个批发汽车业务，经营的是二手车。客户定期在国际上运送车辆，在四个月的时间里，客户从西非的贝宁的一个经销商那里收到了总计125万美元的电汇。所有的电汇都来自于贝宁，而且每次电汇数额都是5万美元。账户上的账户被支付给不同的运输公司。所有的进货支票都来自于购买的各种车辆。由客户提供的码头运输收据以支持帐户活动能识别车辆，但不能轻易地与收到的电汇联系。什么是可疑行为?,解析内容已与中文版一致
英文版第四章.docx,189,"189.A high-volume dealer of precious metals and stones in a high-risk jurisdiction is approached by a new customer interested in selling gold worth $200,000. The customer was referred by a longtime family friend of the dealer and provides no indication of background or business purpose for the sale. The dealer agrees to make the purchase based solely on the reference.What is the money laundering red flag?",已一致,第四章.docx,123,123.高风险司法管辖区内的贵金属和宝石的批发商与一位有意销售价值20万美元黄金的新客户接洽。该客户是经销商的一位长期家庭朋友介绍的，没有提供销售背景或业务目的的资料。经销商仅同意根据参考资料进行购买。什么是洗钱的危险信号?,解析内容已与中文版一致
英文版第四章.docx,190,"190.(多选题)An automotive parts company in South America sends multiple $500,000 wire transfers per week to ABC Holdings Ltd. in Asia referencing payment for silk flower shipments. Research reveals Sunrise Holdings, Ltd is registered in the British Virgin Islands with no available ownership information.What are two red flags that indicate how trade-based money laundering could be occurring in this instance? (Choose two.)",已一致,第四章.docx,124,124.(多选题)南美洲的一家汽车零部件公司每周向亚洲的ABC控股有限公司发送50万美元的电汇，以支付绢花运输费用。研究表明，日出控股有限公司在英属维尔京群岛注册，没有可用的所有权信息。在这种情况下，有哪两个危险信号表明基于贸易的洗钱可能发生?（选择两个）,解析内容已与中文版一致
英文版第四章.docx,191,191.A bank compliance officer has implemented enhanced monitoring rules that have identified some unusual activity that may be indicative of human trafficking. Which red flag should prompt additional transactional review?,已一致,第四章.docx,125,125.一家银行的合规负责人在执行加强版的监控流程之后发现了一些不正常的交易活动，显示可能存在贩卖人口的行为。下列哪一项交易需要立即展开额外的审查程序?,解析内容已与中文版一致
英文版第四章.docx,192,"192.(多选题)A new business opened an account at a bank. After a month of activity, the account is referred to AML Investigations for potential human trafficking activity. Which red flags most likely triggered the referral? (Choose two.)",已一致,第四章.docx,126,126.(多选题)一家新企业在一家银行开了一个账户。经过一个月的活动，该账户因潜在的人口贩运活动而被移交给反洗钱调查组。哪些红旗标志最可能引发该案件的移交?(选择两个）,解析内容已与中文版一致
英文版第四章.docx,193,193.(多选题)An anti-money laundering specialist has been asked to establish a compliance program to detect and prevent money laundering and terrorist financing. Which of the following should the anti-money laundering specialist consider in developing the program ?（Choose two）,已一致,第四章.docx,199,199.(多选题)一位反洗钱专家被要求建立合规制度，以检测和防止洗钱和恐怖主义融资。在制定该制度时，反洗钱专家应考虑以下哪项内容?（选择两个）,解析内容已与中文版一致
英文版第四章.docx,194,194.A bank has maintained an account for a European charity for several years. The charity provides clothing to persons in need in various countries with active terrorists' cells.Which action by the charity indicates possible terrorist financing?,已一致,第四章.docx,127,127.一家银行为一家开户慈善组织开立账户多年，这家慈善组织为恐怖活动活跃的国家居民提供衣物。以下哪种行为表明存在潜在的恐怖融资?,解析内容已与中文版一致
英文版第四章.docx,195,195.Customers of a telecommunications firm received an email explaining an issue with their last order. The customers were directed to the company website via a link in the email to provide personal information. Both the email and website were fake. What type of cybercrime has beencommitted?,已一致,第四章.docx,200,200.一家电信公司的客户收到一封电子邮件，解释他们上一次订单的问题。客户通过电子邮件中的链接被引导到公司网站，以提供个人信息。电子邮件和网站都是假的。犯下了什么类型的网络犯罪?,解析内容已与中文版一致
英文版第四章.docx,196,"196.An employee of a financial institution (FI) receives an email from a client directing the employee to transfer funds from the client's account to another account overseas. The bank employee complies, but later, the Fi discovers the email did not come from the client. Which type of cyber-enabled crime occurred?",已一致,第四章.docx,128,128.金融机构（FI）的员工收到来自客户的电子邮件，指示员工将资金从客户的账户转移到海外的另一账户。银行员工遵守了规定，但后来金融机构发现电子邮件并非来自客户。发生了哪类网络犯罪?,解析内容已与中文版一致
英文版第四章.docx,197,197.The process of sending mass emails to unsuspecting customers to obtain personal identifiable information via trickery is known as:,已一致,第四章.docx,129,129.通过欺骗向毫无戒心的客户发送大量电子邮件以获取个人身份信息的过程称为:,解析内容已与中文版一致
英文版第四章.docx,198,198.Which is an emerging risk associated with cyber-enabled fraud?,已一致,第四章.docx,130,130.哪个是与网络欺诈有关的新风险?,解析内容已与中文版一致
英文版第四章.docx,199,199.(多选题)Which activities could be considered a potential spear phishing scam? (Choose three.),已覆盖,第四章.docx,131,131.(多选题)哪些活动可以被认为是潜在的鱼叉式网络钓鱼骗局?(选择三个。）,按题干、选项和答案确认对应后覆盖
英文版第四章.docx,200,"200.The anti-money laundering compliance officer for a small money transmitter has several agent locations in the same geographic area in the United States. The customers are immigrants from Country A and the majority of the funds are remitted to Country A. In a meeting with one of the agents, it is recently discovered that two new customers have been coming in three times a week and sending funds to the same recipient in Country B. Each cash transaction always totals exactly $8,000. What should alert the agent to possible money laundering activity by the two customers?",已一致,第四章.docx,112,112.一家拥有全国代理网点的金融机构经常为位于美国的一处移民社区的人理向非洲某国的汇款业务。一个恐怖组织在这个国家的活动非常猖獗。在机构合规负责人审查汇款记录的时候，他发现有两个顾客总是每周一起来到同一个代理网点，向非洲该国的同一个收款人汇去2500美金。下列哪个选项将提示合规负责人上述两个顾客的行为可能存在洗钱或者恐怖融资活动?,解析内容已与中文版一致
英文版第四章.docx,201,201.Which is a primary purpose of imposing economic sanctions?,已覆盖,第四章.docx,79,79.哪个是实施经济制裁的主要目的?,按题干、选项和答案确认对应后覆盖
英文版第四章.docx,202,"202.After several months of market research, the Marketing Director and Business Development Director were authorized to launch a brand prepaid card, which will target the bank's current customer base, primarily non-resident clients. The Chief Credit Officer and Risk Control Officer were also referenced in the project, and after the card’s launch, the Anti-Money Laundering Compliance Officer was consulted, who suggested that the bank's anti-money laundering compliance work should be involved in:",已一致,第四章.docx,138,138.经过几个月的市场调研，市场营销总监和业务发展总监获准推出一款品牌预付卡，该卡将面向银行目前的客户群体，主要为非居民客户。首席信贷官和风控官页参考到项目中来，在该卡推出后，反洗钱合规官被咨询，反洗钱合规官建议银行反洗钱合规工作应该参与其中,解析内容已与中文版一致
英文版第四章.docx,203,"203.(多选题)【2025真题】A financial institution (FI) is conducting a complex investigation on abnormal trading patterns involving multiple enterprises, which is triggered by the alarm of the automatic monitoring system. Which technologies are the most effective in conducting surveys? (Please select two options. )",已覆盖,第四章.docx,197,197.(多选题)一家金融机构（FI）正在对涉及多个企业的异常交易模式进行复杂调查，该调查是由自动监控系统的警报触发的。在进行调查时，哪些技术最有效?（请选择两个选项）,按题干、选项和答案确认对应后覆盖
英文版第四章.docx,204,204.(多选题)What changes have taken place in financial institutions (FI)? Should their inherent exposure to AML be re-evaluated? (Please select three),已覆盖,第四章.docx,133,133.(多选题)【2025真题】金融机构（FI）发生哪些变化时，应重新评估其固有的反洗钱（AML）风险暴露?（请选择三个）,按题干、选项和答案确认对应后覆盖
英文版第四章.docx,205,"205.(多选题)【2025真题】What is the purpose of the risk preference statement? When implementing organizational control, what factors is it related to? (Please select two)",已覆盖,第四章.docx,163,163.(多选题)风险偏好声明的目的是什么?在实施组织控制时，它与哪些因素相关?（请选择两个）,按题干、选项和答案确认对应后覆盖
英文版第四章.docx,206,"206.(多选题)The account manager of the banking department of a bank company needs to receive professional anti-money laundering training aimed at the high-risk characteristics of this department. So, which of the following training contents is the most appropriate? (Please select two)",已一致,第四章.docx,204,204.(多选题)某银行公司银行业务部的客户经理需要接受针对本部门高风险特征的专业反洗钱培训。那么，以下哪些培训内容是最合适的?(请选择两个),解析内容已与中文版一致
英文版第四章.docx,207,"207.(多选题)The AML compliance officer of a large bank recently received an internal audit report on the private banking sector. The report shows that the employees of this department did not follow the risk-based due diligence procedures, so the operation of this department is not effective enough. What two actions should AML compliance officers immediately consider to deal with these findings? (Please select two)",已一致,第四章.docx,206,206.(多选题)一家大型银行的反洗钱(AML)合规官最近收到了一份关于私人银行部门的内部审计报告。报告显示，该部门员工没有按照基于风险的尽职调查程序来操作，因此该部门运作不够有效。反洗钱合规官应该立刻考虑采取哪两个行动来应对这些发现?(请选择两个),解析内容已与中文版一致
英文版第四章.docx,208,208.(多选题)What is the purpose of the RAS (Risk Appetite Statement)? What are the connections when it implements the corresponding organizational control measures? (Please select two),已覆盖,第四章.docx,205,205.(多选题)风险偏好声明(RAS，Risk Appetite Statement)的目 的是什么?它在实施相应的组织控制措施时有哪些关联?(请选择两个),按题干、选项和答案确认对应后覆盖
英文版第四章.docx,209,209.(多选题)Which of the following are red flags that customers may have suspicious trading behavior? (Please select three),已一致,第四章.docx,207,207.(多选题)下列哪几项属于客户可能存在可疑交易行为的危险信号?(请选择三个),解析内容已与中文版一致
英文版第四章.docx,210,210.(多选题)What are the following two kinds of danger signals of potential real estate money laundering? (Please select two),已一致,第四章.docx,208,208.(多选题)潜在房地产洗钱的危险信号包括以下哪两种情况?(请选择两个),解析内容已与中文版一致
